"Date","Price","Open","High","Low","Vol.","Change %"
"05/28/2026","390.13","388.00","391.87","385.16","24.36M","0.33%"
"05/27/2026","388.83","386.67","393.88","385.90","23.09M","-0.01%"
"05/26/2026","388.88","384.51","389.26","382.60","27.75M","1.54%"
"05/22/2026","382.97","387.35","388.74","381.77","20.44M","-1.21%"
"05/21/2026","387.66","385.70","392.50","383.02","24.85M","-0.32%"
"05/20/2026","388.91","387.70","393.86","382.90","31.74M","0.32%"
"05/19/2026","387.66","396.96","397.15","386.11","39.55M","-2.34%"
"05/18/2026","396.94","395.68","408.61","394.53","26.84M","0.04%"
"05/15/2026","396.78","396.32","399.54","393.18","20.31M","-1.07%"
"05/14/2026","401.07","397.28","402.93","395.84","21.14M","-0.38%"
"05/13/2026","402.62","385.60","403.70","385.00","28.14M","3.94%"
"05/12/2026","387.35","387.34","388.52","382.77","26.02M","-0.33%"
"05/11/2026","388.64","393.64","397.44","388.47","30.75M","-3.03%"
"05/08/2026","400.80","397.00","402.00","396.36","21.46M","0.71%"
"05/07/2026","397.99","399.92","400.10","392.68","24.43M","-0.01%"
"05/06/2026","398.04","394.24","399.85","392.76","31.31M","2.47%"
"05/05/2026","388.43","386.23","392.82","384.02","23.88M","1.35%"
"05/04/2026","383.25","385.63","387.38","379.79","26.30M","-0.63%"
"05/01/2026","385.69","381.63","386.76","379.05","30.11M","0.23%"
"04/30/2026","384.80","374.07","385.84","365.82","72.04M","9.96%"
"04/29/2026","349.94","347.57","355.79","344.21","35.38M","0.05%"
"04/28/2026","349.78","348.55","352.42","346.12","27.82M","-0.16%"
"04/27/2026","350.34","345.98","353.18","342.73","28.58M","1.72%"
"04/24/2026","344.40","338.73","345.27","335.39","26.43M","1.63%"
"04/23/2026","338.89","341.18","341.96","336.18","18.65M","-0.13%"
"04/22/2026","339.32","337.02","339.82","335.17","20.29M","2.12%"
"04/21/2026","332.29","337.68","339.34","331.35","23.12M","-1.52%"
"04/20/2026","337.42","340.76","341.40","336.61","18.78M","-1.25%"
"04/17/2026","341.68","337.65","342.32","336.24","25.58M","1.68%"
"04/16/2026","336.02","338.75","339.88","334.52","20.54M","-0.33%"
"04/15/2026","337.12","332.89","337.48","330.90","24.92M","1.26%"
"04/14/2026","332.91","324.79","333.29","323.75","27.72M","3.61%"
"04/13/2026","321.31","317.14","321.63","315.47","18.87M","1.28%"
"04/10/2026","317.24","320.02","321.83","316.32","19.15M","-0.39%"
"04/09/2026","318.49","315.90","319.54","311.06","23.74M","0.37%"
"04/08/2026","317.32","320.45","322.08","315.02","33.55M","3.88%"
"04/07/2026","305.46","302.73","305.63","297.72","23.21M","1.82%"
"04/06/2026","299.99","295.87","300.62","295.18","16.95M","1.43%"
"04/02/2026","295.77","290.69","298.08","289.45","21.67M","-0.54%"
"04/01/2026","297.39","290.83","300.52","290.41","37.68M","3.42%"
"03/31/2026","287.56","278.04","288.08","277.09","43.88M","5.14%"
"03/30/2026","273.50","276.42","277.09","272.11","35.14M","-0.31%"
"03/27/2026","274.34","277.27","279.37","273.95","35.89M","-2.34%"
"03/26/2026","280.92","287.91","287.95","278.50","39.08M","-3.44%"
"03/25/2026","290.93","293.44","296.00","289.24","29.46M","0.17%"
"03/24/2026","290.44","299.20","299.92","290.33","36.86M","-3.85%"
"03/23/2026","302.06","302.11","305.98","300.93","29.33M","0.35%"
"03/20/2026","301.00","305.46","306.00","298.27","44.36M","-2.00%"
"03/19/2026","307.13","304.01","308.06","302.35","25.08M","-0.18%"
"03/18/2026","307.69","309.27","312.47","306.93","20.01M","-1.04%"
"03/17/2026","310.92","305.86","311.42","305.50","21.96M","1.75%"
"03/16/2026","305.56","304.35","306.49","303.02","23.52M","1.09%"
"03/13/2026","302.28","307.01","307.69","300.44","23.69M","-0.42%"
"03/12/2026","303.55","306.82","308.94","301.03","24.93M","-1.67%"
"03/11/2026","308.70","306.75","311.42","305.92","24.13M","0.54%"
"03/10/2026","307.04","306.17","309.51","305.57","23.24M","0.22%"
"03/09/2026","306.36","294.36","306.80","294.08","29.31M","2.63%"
"03/06/2026","298.52","296.09","300.53","295.18","25.58M","-0.78%"
"03/05/2026","300.88","303.04","303.30","297.99","35.75M","-0.74%"
"03/04/2026","303.13","302.89","305.47","300.75","29.54M","-0.15%"
"03/03/2026","303.58","298.59","303.94","296.71","35.50M","-0.96%"
"03/02/2026","306.52","303.23","308.49","301.30","34.79M","-1.68%"
"02/27/2026","311.76","304.14","312.37","303.80","44.64M","1.42%"
"02/26/2026","307.38","312.64","313.14","302.35","36.43M","-1.76%"
"02/25/2026","312.90","312.06","313.64","309.44","29.96M","0.64%"
"02/24/2026","310.90","310.52","312.27","305.93","25.62M","-0.19%"
"02/23/2026","311.49","319.05","319.52","309.86","31.42M","-1.11%"
"02/20/2026","314.98","304.32","316.50","303.90","53.21M","4.01%"
"02/19/2026","302.85","301.82","305.47","300.04","25.83M","-0.16%"
"02/18/2026","303.33","302.09","305.38","301.25","28.48M","0.43%"
"02/17/2026","302.02","300.04","304.43","296.25","39.25M","-1.21%"
"02/13/2026","305.72","307.73","308.63","303.71","38.50M","-1.06%"
"02/12/2026","309.00","312.09","316.24","307.20","47.76M","-0.63%"
"02/11/2026","310.96","318.97","321.06","309.66","45.41M","-2.39%"
"02/10/2026","318.58","320.97","321.67","314.61","39.17M","-1.77%"
"02/09/2026","324.32","320.93","327.70","317.26","39.64M","0.45%"
"02/06/2026","322.86","327.18","330.38","319.92","56.38M","-2.53%"
"02/05/2026","331.25","312.22","332.69","306.46","88.21M","-0.54%"
"02/04/2026","333.04","342.96","343.31","328.52","70.62M","-1.96%"
"02/03/2026","339.71","347.34","349.00","337.47","36.51M","-1.16%"
"02/02/2026","343.69","336.22","344.83","335.63","32.01M","1.68%"
"01/30/2026","338.00","340.00","340.00","332.29","31.02M","-0.07%"
"01/29/2026","338.25","340.30","342.29","326.54","39.79M","0.67%"
"01/28/2026","336.01","336.06","337.54","331.94","27.43M","0.44%"
"01/27/2026","334.55","335.36","337.91","333.48","21.64M","0.39%"
"01/26/2026","333.26","327.80","335.84","327.00","26.04M","1.63%"
"01/23/2026","327.93","332.48","333.69","327.45","27.28M","-0.79%"
"01/22/2026","330.54","334.45","335.15","328.75","26.25M","0.66%"
"01/21/2026","328.38","320.92","332.48","319.35","35.39M","1.98%"
"01/20/2026","322.00","320.87","327.73","320.43","35.36M","-2.42%"
"01/16/2026","330.00","334.41","334.65","327.70","40.34M","-0.84%"
"01/15/2026","332.78","337.65","337.69","330.74","28.44M","-0.91%"
"01/14/2026","335.84","335.06","336.52","330.48","28.53M","-0.04%"
"01/13/2026","335.97","334.95","340.49","333.62","33.52M","1.24%"
"01/12/2026","331.86","325.80","334.04","325.00","33.92M","1.00%"
"01/09/2026","328.57","327.09","330.83","325.80","26.21M","0.96%"
"01/08/2026","325.44","328.96","330.32","321.50","31.90M","1.07%"
"01/07/2026","321.98","314.36","326.15","314.19","35.10M","2.43%"
"01/06/2026","314.34","316.40","320.94","311.78","31.21M","-0.70%"
"01/05/2026","316.54","317.65","319.02","314.63","30.20M","0.44%"
"01/02/2026","315.15","316.90","322.50","310.33","32.01M","0.69%"
"12/31/2025","313.00","312.85","314.58","311.44","16.38M","-0.27%"
"12/30/2025","313.85","312.50","316.95","312.46","17.38M","0.09%"
"12/29/2025","313.56","311.36","314.02","310.62","19.62M","0.02%"
"12/26/2025","313.51","314.48","315.08","312.27","10.90M","-0.18%"
"12/24/2025","314.09","314.77","315.08","311.92","10.10M","-0.08%"
"12/23/2025","314.35","309.63","314.94","309.32","25.48M","1.48%"
"12/22/2025","309.78","309.88","310.13","305.30","26.43M","0.85%"
"12/19/2025","307.16","301.73","307.25","300.97","59.94M","1.55%"
"12/18/2025","302.46","301.72","303.96","299.23","33.52M","1.93%"
"12/17/2025","296.72","308.01","308.09","296.12","43.93M","-3.21%"
"12/16/2025","306.57","304.95","310.77","302.59","30.59M","-0.54%"
"12/15/2025","308.22","311.32","311.42","304.88","29.15M","-0.35%"
"12/12/2025","309.29","313.70","314.87","305.56","35.94M","-1.01%"
"12/11/2025","312.43","320.08","321.12","308.60","42.35M","-2.43%"
"12/10/2025","320.21","315.83","321.31","314.68","33.43M","0.99%"
"12/09/2025","317.08","312.37","317.99","311.89","30.19M","1.07%"
"12/08/2025","313.72","320.05","320.44","311.22","33.91M","-2.35%"
"12/05/2025","321.27","319.49","323.16","319.17","28.85M","1.15%"
"12/04/2025","317.62","322.23","322.36","314.70","31.24M","-0.63%"
"12/03/2025","319.63","315.89","321.58","314.10","41.84M","1.21%"
"12/02/2025","315.81","316.74","318.38","313.91","35.85M","0.29%"
"12/01/2025","314.89","317.70","319.85","313.89","41.18M","-1.65%"
"11/28/2025","320.18","323.36","326.85","316.79","26.02M","0.07%"
"11/26/2025","319.95","320.68","324.50","316.79","51.37M","-1.08%"
"11/25/2025","323.44","326.21","328.83","317.65","88.63M","1.53%"
"11/24/2025","318.58","311.13","319.48","309.60","85.17M","6.31%"
"11/21/2025","299.66","296.42","303.92","293.85","74.14M","3.53%"
"11/20/2025","289.45","304.54","306.42","288.67","62.03M","-1.15%"
"11/19/2025","292.81","287.16","303.81","286.63","68.20M","3.00%"
"11/18/2025","284.28","287.92","288.80","278.20","49.16M","-0.26%"
"11/17/2025","285.02","285.77","293.95","283.57","52.67M","3.11%"
"11/14/2025","276.41","271.40","278.56","270.70","31.65M","-0.78%"
"11/13/2025","278.57","282.34","282.84","277.24","29.49M","-2.84%"
"11/12/2025","286.71","291.67","292.01","283.69","24.83M","-1.58%"
"11/11/2025","291.31","287.74","291.92","287.32","19.84M","0.42%"
"11/10/2025","290.10","284.42","290.80","282.86","29.56M","4.04%"
"11/07/2025","278.83","283.20","283.78","275.19","34.48M","-2.08%"
"11/06/2025","284.75","285.33","288.35","281.14","37.17M","0.15%"
"11/05/2025","284.31","278.87","286.42","277.34","31.01M","2.44%"
"11/04/2025","277.54","276.75","281.27","276.26","30.08M","-2.18%"
"11/03/2025","283.72","282.17","285.53","279.80","29.79M","0.90%"
"10/31/2025","281.19","283.21","286.00","277.03","39.27M","-0.10%"
"10/30/2025","281.48","291.59","291.59","280.06","74.88M","2.52%"
"10/29/2025","274.57","267.75","275.34","267.67","43.58M","2.65%"
"10/28/2025","267.47","269.69","270.73","266.50","29.74M","-0.67%"
"10/27/2025","269.27","264.82","270.14","264.28","35.24M","3.60%"
"10/24/2025","259.92","256.58","261.68","255.32","28.66M","2.70%"
"10/23/2025","253.08","252.98","255.04","251.85","19.90M","0.55%"
"10/22/2025","251.69","254.37","256.36","249.29","35.03M","0.49%"
"10/21/2025","250.46","254.74","254.88","244.15","47.31M","-2.37%"
"10/20/2025","256.55","254.69","257.33","254.23","22.35M","1.28%"
"10/17/2025","253.30","250.76","254.22","247.81","29.67M","0.73%"
"10/16/2025","251.46","251.76","256.96","250.10","28.00M","0.17%"
"10/15/2025","251.03","247.24","252.11","245.99","27.01M","2.27%"
"10/14/2025","245.45","241.23","247.12","240.51","22.11M","0.53%"
"10/13/2025","244.15","240.21","244.50","239.71","25.00M","3.20%"
"10/10/2025","236.57","241.43","244.09","235.84","33.18M","-2.05%"
"10/09/2025","241.53","244.47","244.76","239.15","27.89M","-1.26%"
"10/08/2025","244.62","244.96","246.01","243.82","21.31M","-0.46%"
"10/07/2025","245.76","248.27","250.44","245.52","23.18M","-1.86%"
"10/06/2025","250.43","244.78","251.32","244.58","28.89M","2.07%"
"10/03/2025","245.35","244.49","246.30","241.65","30.25M","-0.14%"
"10/02/2025","245.69","245.15","246.81","242.30","25.48M","0.32%"
"10/01/2025","244.90","240.75","246.30","238.61","31.66M","0.74%"
"09/30/2025","243.10","242.81","243.29","239.24","34.72M","-0.39%"
"09/29/2025","244.05","247.85","251.15","242.77","32.51M","-1.01%"
"09/26/2025","246.54","247.07","249.42","245.97","18.50M","0.31%"
"09/25/2025","245.79","244.40","246.49","240.74","31.02M","-0.55%"
"09/24/2025","247.14","251.66","252.35","246.44","28.20M","-1.80%"
"09/23/2025","251.66","253.04","254.36","250.48","26.63M","-0.34%"
"09/22/2025","252.53","254.43","255.78","250.30","32.29M","-0.86%"
"09/19/2025","254.72","253.25","256.00","251.81","55.57M","1.07%"
"09/18/2025","252.03","251.68","253.99","249.80","31.24M","1.00%"
"09/17/2025","249.53","251.22","251.60","246.28","34.11M","-0.65%"
"09/16/2025","251.16","252.08","253.04","249.47","34.11M","-0.18%"
"09/15/2025","251.61","244.66","252.41","244.66","58.38M","4.49%"
"09/12/2025","240.80","240.37","242.07","238.00","26.77M","0.18%"
"09/11/2025","240.37","239.88","242.25","236.25","30.60M","0.50%"
"09/10/2025","239.17","238.90","241.66","237.85","35.14M","-0.19%"
"09/09/2025","239.63","234.16","240.47","233.23","38.06M","2.39%"
"09/08/2025","234.04","235.47","238.13","233.67","32.47M","-0.41%"
"09/05/2025","235.00","232.20","235.76","231.90","46.59M","1.16%"
"09/04/2025","232.30","229.65","232.37","226.11","51.68M","0.71%"
"09/03/2025","230.66","226.21","231.31","224.79","103.34M","9.14%"
"09/02/2025","211.35","208.44","211.68","206.20","47.52M","-0.73%"
"08/29/2025","212.91","210.51","214.65","210.20","39.73M","0.60%"
"08/28/2025","211.64","207.25","212.22","206.90","32.34M","2.01%"
"08/27/2025","207.48","205.70","208.91","205.65","23.02M","0.16%"
"08/26/2025","207.14","207.51","207.85","205.70","28.46M","-0.65%"
"08/25/2025","208.49","206.43","210.52","205.28","29.93M","1.16%"
"08/22/2025","206.09","202.73","208.54","201.30","42.83M","3.17%"
"08/21/2025","199.75","199.74","202.48","199.43","19.77M","0.22%"
"08/20/2025","199.32","200.73","201.28","196.60","28.96M","-1.12%"
"08/19/2025","201.57","203.03","203.44","199.96","24.24M","-0.95%"
"08/18/2025","203.50","204.20","205.26","202.49","18.53M","-0.20%"
"08/15/2025","203.90","203.85","206.44","201.28","34.93M","0.47%"
"08/14/2025","202.94","201.50","204.44","201.23","25.23M","0.49%"
"08/13/2025","201.96","204.13","204.53","197.51","28.34M","-0.68%"
"08/12/2025","203.34","201.37","204.50","200.59","30.42M","1.16%"
"08/11/2025","201.00","200.93","201.48","199.07","25.83M","-0.21%"
"08/08/2025","201.42","197.22","202.61","197.17","39.16M","2.49%"
"08/07/2025","196.52","197.06","197.54","194.33","26.32M","0.22%"
"08/06/2025","196.09","194.50","196.63","193.67","21.56M","0.73%"
"08/05/2025","194.67","194.71","197.86","193.88","31.60M","-0.19%"
"08/04/2025","195.04","190.29","195.27","190.12","31.55M","3.12%"
"08/01/2025","189.13","189.02","190.83","187.82","34.83M","-1.44%"
"07/31/2025","191.90","195.71","195.99","191.09","51.33M","-2.36%"
"07/30/2025","196.53","195.60","197.60","194.68","32.45M","0.40%"
"07/29/2025","195.75","192.43","195.92","192.08","41.39M","1.65%"
"07/28/2025","192.58","193.65","194.05","190.84","38.14M","-0.31%"
"07/25/2025","193.18","191.98","194.33","191.26","39.79M","0.53%"
"07/24/2025","192.17","197.03","197.95","191.00","74.88M","1.02%"
"07/23/2025","190.23","191.50","192.53","189.18","58.68M","-0.58%"
"07/22/2025","191.34","191.49","191.65","187.46","44.66M","0.65%"
"07/21/2025","190.10","186.25","190.29","186.15","45.80M","2.72%"
"07/18/2025","185.06","185.40","186.42","183.71","34.01M","0.81%"
"07/17/2025","183.58","182.14","184.06","180.48","31.99M","0.33%"
"07/16/2025","182.97","183.24","184.33","182.03","33.10M","0.53%"
"07/15/2025","182.00","182.81","184.22","181.60","33.45M","0.24%"
"07/14/2025","181.56","181.01","183.67","179.68","32.54M","0.76%"
"07/11/2025","180.19","176.79","181.43","176.48","34.28M","1.45%"
"07/10/2025","177.62","175.63","178.43","174.38","29.25M","0.57%"
"07/09/2025","176.62","175.25","179.44","172.77","43.03M","1.30%"
"07/08/2025","174.36","177.85","177.95","172.81","40.44M","-1.37%"
"07/07/2025","176.79","179.06","179.30","175.68","34.18M","-1.53%"
"07/03/2025","179.53","178.50","179.67","177.05","21.69M","0.50%"
"07/02/2025","178.64","175.54","178.86","175.07","29.13M","1.59%"
"07/01/2025","175.84","175.74","176.09","173.53","35.90M","-0.22%"
"06/30/2025","176.23","180.78","181.23","174.58","63.38M","-1.29%"
"06/27/2025","178.53","173.54","178.68","171.73","108.14M","2.88%"
"06/26/2025","173.54","172.43","173.69","169.94","31.80M","1.68%"
"06/25/2025","170.68","167.63","172.36","167.55","35.48M","2.34%"
"06/24/2025","166.77","166.92","168.22","166.13","40.52M","0.96%"
"06/23/2025","165.19","166.27","167.34","162.00","57.67M","-0.87%"
"06/20/2025","166.64","173.95","174.34","165.46","75.66M","-3.85%"
"06/18/2025","173.32","176.01","176.56","173.20","28.71M","-1.49%"
"06/17/2025","175.95","175.70","177.36","174.58","24.97M","-0.46%"
"06/16/2025","176.77","174.73","176.94","174.65","27.39M","1.20%"
"06/13/2025","174.67","172.44","177.13","172.38","27.66M","-0.59%"
"06/12/2025","175.70","176.18","176.72","174.74","20.94M","-0.93%"
"06/11/2025","177.35","179.77","180.37","176.75","31.65M","-0.70%"
"06/10/2025","178.60","176.20","181.10","174.91","61.77M","1.43%"
"06/09/2025","176.09","174.54","176.47","174.37","28.94M","1.39%"
"06/06/2025","173.68","170.83","174.50","170.83","35.73M","3.25%"
"06/05/2025","168.21","170.34","170.93","167.59","36.44M","0.10%"
"06/04/2025","168.05","166.74","168.21","166.36","26.90M","1.13%"
"06/03/2025","166.18","167.49","168.48","165.28","45.08M","-1.69%"
"06/02/2025","169.03","167.84","169.87","167.39","38.61M","-1.58%"
"05/30/2025","171.74","171.35","172.21","167.44","52.64M","-0.07%"
"05/29/2025","171.86","174.00","174.42","170.63","29.37M","-0.29%"
"05/28/2025","172.36","173.16","175.26","171.91","34.78M","-0.31%"
"05/27/2025","172.90","170.16","173.17","170.00","38.00M","2.63%"
"05/23/2025","168.47","169.05","169.96","167.89","35.21M","-1.40%"
"05/22/2025","170.87","171.85","176.77","170.71","74.86M","1.37%"
"05/21/2025","168.56","163.69","173.14","163.56","73.42M","2.79%"
"05/20/2025","163.98","166.43","168.50","162.90","46.61M","-1.54%"
"05/19/2025","166.54","164.51","166.64","164.22","30.43M","0.21%"
"05/16/2025","166.19","167.73","169.35","165.62","42.85M","1.36%"
"05/15/2025","163.96","165.84","166.21","162.37","33.15M","-0.85%"
"05/14/2025","165.37","159.96","167.00","159.61","48.76M","3.66%"
"05/13/2025","159.53","158.79","160.57","156.16","42.38M","0.68%"
"05/12/2025","158.46","157.49","159.10","156.25","44.14M","3.74%"
"05/09/2025","152.75","154.17","155.05","152.20","32.44M","-0.99%"
"05/08/2025","154.28","155.00","155.93","152.90","57.50M","1.92%"
"05/07/2025","151.38","164.08","165.00","147.84","127.75M","-7.26%"
"05/06/2025","163.23","162.17","164.80","161.19","21.28M","-0.60%"
"05/05/2025","164.21","163.00","165.39","162.72","21.34M","0.11%"
"05/02/2025","164.03","163.40","164.97","161.87","25.72M","1.69%"
"05/01/2025","161.30","160.45","161.95","158.91","30.20M","1.57%"
"04/30/2025","158.80","157.98","159.27","155.40","34.98M","-0.85%"
"04/29/2025","160.16","160.32","160.74","157.52","26.81M","-0.28%"
"04/28/2025","160.61","162.43","163.15","158.60","29.75M","-0.83%"
"04/25/2025","161.96","165.07","166.10","161.04","56.03M","1.68%"
"04/24/2025","159.28","156.15","159.59","155.79","45.89M","2.53%"
"04/23/2025","155.35","155.61","157.52","153.81","31.13M","2.56%"
"04/22/2025","151.47","148.89","152.19","148.54","26.97M","2.57%"
"04/21/2025","147.67","148.88","148.95","146.10","26.05M","-2.31%"
"04/17/2025","151.16","154.29","154.68","148.50","33.05M","-1.42%"
"04/16/2025","153.33","153.10","155.89","151.51","28.19M","-1.91%"
"04/15/2025","156.31","159.13","159.65","155.21","27.55M","-1.74%"
"04/14/2025","159.07","159.99","161.72","157.56","30.33M","1.23%"
"04/11/2025","157.14","152.90","157.67","152.82","33.64M","2.83%"
"04/10/2025","152.82","156.54","157.72","149.93","48.02M","-3.71%"
"04/09/2025","158.71","144.41","159.55","143.90","70.41M","9.68%"
"04/08/2025","144.70","151.22","152.24","143.03","52.20M","-1.40%"
"04/07/2025","146.75","141.55","152.85","140.53","76.79M","0.79%"
"04/04/2025","145.60","148.01","151.07","145.38","62.26M","-3.40%"
"04/03/2025","150.72","151.11","152.78","150.39","46.88M","-4.02%"
"04/02/2025","157.04","155.15","158.41","154.70","25.04M","-0.02%"
"04/01/2025","157.07","153.62","158.10","153.62","30.67M","1.57%"
"03/31/2025","154.64","153.11","155.54","150.66","54.60M","0.20%"
"03/28/2025","154.33","160.49","161.82","153.63","48.67M","-4.88%"
"03/27/2025","162.24","164.63","165.42","162.00","24.51M","-1.71%"
"03/26/2025","165.06","169.00","169.61","164.84","28.94M","-3.22%"
"03/25/2025","170.56","168.98","170.63","168.32","24.17M","1.72%"
"03/24/2025","167.68","167.07","168.32","165.14","30.88M","2.25%"
"03/21/2025","163.99","161.21","164.24","160.89","36.63M","0.73%"
"03/20/2025","162.80","161.57","164.89","160.96","28.14M","-0.67%"
"03/19/2025","163.89","161.76","165.87","161.00","34.28M","2.00%"
"03/18/2025","160.67","163.68","164.25","156.72","42.07M","-2.20%"
"03/17/2025","164.29","165.03","166.30","163.67","31.18M","-0.73%"
"03/14/2025","165.49","163.27","166.49","162.45","32.00M","1.68%"
"03/13/2025","162.76","166.04","166.13","162.11","31.76M","-2.60%"
"03/12/2025","167.11","166.58","167.64","163.53","28.37M","1.87%"
"03/11/2025","164.04","164.91","166.75","161.37","39.59M","-1.10%"
"03/10/2025","165.87","168.26","168.46","163.69","43.60M","-4.60%"
"03/07/2025","173.86","171.26","174.97","170.27","27.39M","0.88%"
"03/06/2025","172.35","170.53","174.81","170.50","28.30M","-0.39%"
"03/05/2025","173.02","170.52","173.78","169.06","30.95M","1.23%"
"03/04/2025","170.92","166.24","173.29","165.80","45.39M","2.34%"
"03/03/2025","167.01","171.93","173.37","165.93","40.77M","-1.92%"
"02/28/2025","170.28","168.68","170.61","166.77","48.13M","1.06%"
"02/27/2025","168.50","173.99","174.56","167.94","39.99M","-2.45%"
"02/26/2025","172.73","175.07","176.08","171.58","35.43M","-1.53%"
"02/25/2025","175.42","178.04","178.74","174.69","41.91M","-2.14%"
"02/24/2025","179.25","181.99","183.12","178.88","29.85M","-0.23%"
"02/21/2025","179.66","185.15","185.34","179.08","35.20M","-2.65%"
"02/20/2025","184.56","184.80","185.31","182.72","20.44M","-0.38%"
"02/19/2025","185.27","184.07","185.46","183.59","19.55M","0.82%"
"02/18/2025","183.77","185.60","185.96","181.74","29.92M","-0.79%"
"02/14/2025","185.23","185.05","186.40","184.32","20.45M","-0.49%"
"02/13/2025","186.14","184.32","186.28","183.14","21.40M","1.38%"
"02/12/2025","183.61","183.22","185.11","181.83","22.07M","-0.92%"
"02/11/2025","185.32","185.03","186.94","184.28","21.24M","-0.62%"
"02/10/2025","186.47","187.35","188.20","185.86","23.11M","0.61%"
"02/07/2025","185.34","191.05","191.18","183.24","49.31M","-3.27%"
"02/06/2025","191.60","189.50","192.10","188.72","29.30M","0.14%"
"02/05/2025","191.33","191.07","192.75","188.03","70.46M","-7.29%"
"02/04/2025","206.38","203.39","207.05","202.81","43.86M","2.56%"
"02/03/2025","201.23","200.69","203.75","200.10","27.84M","-1.37%"
"01/31/2025","204.02","202.00","205.48","201.80","32.04M","1.57%"
"01/30/2025","200.87","198.00","201.40","197.67","24.35M","2.79%"
"01/29/2025","195.41","195.55","196.79","193.43","18.22M","0.06%"
"01/28/2025","195.30","192.74","195.48","190.68","24.16M","1.82%"
"01/27/2025","191.81","192.41","196.88","190.73","41.73M","-4.20%"
"01/24/2025","200.21","198.10","200.90","198.00","23.88M","1.13%"
"01/23/2025","197.98","198.14","200.30","195.20","26.95M","-0.20%"
"01/22/2025","198.37","199.06","200.48","197.53","26.20M","0.16%"
"01/21/2025","198.05","199.07","202.29","197.87","29.97M","1.05%"
"01/17/2025","196.00","196.53","197.23","193.75","27.74M","1.60%"
"01/16/2025","192.91","194.14","195.48","192.81","17.82M","-1.35%"
"01/15/2025","195.55","193.09","196.36","191.86","21.78M","3.11%"
"01/14/2025","189.66","191.24","191.98","188.31","17.17M","-0.71%"
"01/13/2025","191.01","190.07","191.18","187.36","21.82M","-0.54%"
"01/10/2025","192.04","194.29","196.52","190.31","26.67M","-0.98%"
"01/08/2025","193.95","192.57","196.29","192.38","24.86M","-0.79%"
"01/07/2025","195.49","197.11","201.00","194.60","26.49M","-0.70%"
"01/06/2025","196.87","193.98","198.22","193.85","29.56M","2.65%"
"01/03/2025","191.79","191.37","193.21","189.98","18.60M","1.25%"
"01/02/2025","189.43","190.65","192.00","187.50","20.37M","0.07%"
"12/31/2024","189.30","191.07","191.96","188.51","17.47M","-1.01%"
"12/30/2024","191.24","189.80","192.55","189.12","14.26M","-0.79%"
"12/27/2024","192.76","194.95","195.32","190.65","18.89M","-1.45%"
"12/26/2024","195.60","195.15","196.75","194.38","12.06M","-0.26%"
"12/24/2024","196.11","194.84","196.11","193.78","10.40M","0.76%"
"12/23/2024","194.63","192.62","195.10","190.15","25.68M","1.68%"
"12/20/2024","191.41","185.78","192.89","185.22","63.46M","1.54%"
"12/19/2024","188.51","191.63","193.03","188.38","32.27M","0.06%"
"12/18/2024","188.40","195.22","197.00","187.74","34.17M","-3.59%"
"12/17/2024","195.42","197.25","201.42","194.98","43.50M","-0.63%"
"12/16/2024","196.66","192.87","199.00","192.62","44.93M","3.60%"
"12/13/2024","189.82","191.01","192.73","189.64","25.14M","-1.11%"
"12/12/2024","191.96","195.00","195.18","191.71","34.82M","-1.76%"
"12/11/2024","195.40","185.31","195.61","184.85","67.89M","5.52%"
"12/10/2024","185.17","182.85","186.36","181.05","54.81M","5.59%"
"12/09/2024","175.37","173.96","176.26","173.65","25.39M","0.38%"
"12/06/2024","174.71","172.03","175.08","171.86","21.46M","1.20%"
"12/05/2024","172.64","175.36","176.06","172.33","21.36M","-0.99%"
"12/04/2024","174.37","171.15","174.91","171.06","31.62M","1.77%"
"12/03/2024","171.34","171.49","172.68","170.85","22.25M","-0.09%"
"12/02/2024","171.49","168.76","172.07","168.57","23.79M","1.50%"
"11/29/2024","168.95","168.50","169.43","167.16","14.26M","-0.17%"
"11/27/2024","169.23","169.00","169.48","168.02","19.27M","0.07%"
"11/26/2024","169.12","167.63","169.82","167.58","20.49M","0.88%"
"11/25/2024","167.65","166.09","168.63","165.61","33.14M","1.75%"
"11/22/2024","164.76","165.85","166.46","163.90","38.60M","-1.71%"
"11/21/2024","167.63","173.90","174.13","163.70","59.73M","-4.74%"
"11/20/2024","175.98","177.34","177.68","173.78","19.00M","-1.20%"
"11/19/2024","178.12","173.72","178.87","173.56","23.43M","1.61%"
"11/18/2024","175.30","173.42","175.44","172.90","20.21M","1.63%"
"11/15/2024","172.49","173.73","174.14","171.22","32.50M","-1.76%"
"11/14/2024","175.58","178.28","178.82","174.32","31.01M","-1.84%"
"11/13/2024","178.88","180.46","180.96","178.54","23.18M","-1.51%"
"11/12/2024","181.62","179.82","182.49","179.39","25.13M","0.70%"
"11/11/2024","180.35","178.58","180.54","178.47","17.45M","1.12%"
"11/08/2024","178.35","180.65","180.90","178.08","22.01M","-1.33%"
"11/07/2024","180.75","177.41","181.08","177.19","25.35M","2.40%"
"11/06/2024","176.51","173.80","176.94","173.50","33.70M","3.99%"
"11/05/2024","169.74","169.43","170.53","168.84","18.24M","0.30%"
"11/04/2024","169.24","169.93","170.73","168.01","21.49M","-1.20%"
"11/01/2024","171.29","170.07","172.32","168.88","31.80M","0.11%"
"10/31/2024","171.11","173.13","176.82","171.00","44.77M","-1.92%"
"10/30/2024","174.46","180.68","182.02","174.06","68.89M","2.82%"
"10/29/2024","169.68","167.73","170.38","167.09","42.17M","1.78%"
"10/28/2024","166.72","168.75","168.75","163.95","32.14M","0.88%"
"10/25/2024","165.27","163.67","165.59","163.42","19.83M","1.57%"
"10/24/2024","162.72","162.83","163.33","161.01","22.41M","-0.04%"
"10/23/2024","162.78","164.76","165.82","161.93","18.28M","-1.43%"
"10/22/2024","165.14","162.98","165.77","162.98","16.57M","0.65%"
"10/21/2024","164.07","162.95","164.50","162.62","20.95M","0.40%"
"10/18/2024","163.42","163.19","164.71","163.08","19.76M","0.30%"
"10/17/2024","162.93","165.73","166.37","162.76","21.45M","-1.35%"
"10/16/2024","165.16","164.53","165.80","163.74","16.41M","-0.18%"
"10/15/2024","165.46","165.79","167.68","164.63","20.25M","0.30%"
"10/14/2024","164.96","163.64","166.23","163.40","19.02M","1.05%"
"10/11/2024","163.24","162.13","163.90","161.24","15.34M","0.72%"
"10/10/2024","162.08","160.87","163.07","160.40","14.14M","0.14%"
"10/09/2024","161.86","163.45","164.84","159.74","31.18M","-1.53%"
"10/08/2024","164.38","163.94","164.73","162.87","23.07M","0.86%"
"10/07/2024","162.98","167.72","168.48","162.75","22.46M","-2.44%"
"10/04/2024","167.06","168.06","168.23","165.48","19.09M","0.72%"
"10/03/2024","165.86","164.41","166.64","163.92","15.07M","0.00%"
"10/02/2024","165.86","166.42","167.52","164.73","17.76M","-0.68%"
"10/01/2024","166.99","167.68","169.16","164.58","28.34M","0.69%"
"09/30/2024","165.85","163.32","166.15","163.26","20.48M","1.16%"
"09/27/2024","163.95","162.81","165.70","162.63","21.10M","0.75%"
"09/26/2024","162.73","163.64","164.08","162.28","20.32M","0.77%"
"09/25/2024","161.49","161.47","162.81","161.30","18.87M","-0.49%"
"09/24/2024","162.29","163.03","163.22","160.69","23.33M","0.27%"
"09/23/2024","161.85","164.35","165.49","161.67","24.15M","-1.06%"
"09/20/2024","163.59","163.50","163.73","162.06","40.90M","0.89%"
"09/19/2024","162.14","163.71","163.79","161.34","26.59M","1.46%"
"09/18/2024","159.81","159.86","160.50","158.60","23.68M","0.31%"
"09/17/2024","159.32","159.02","160.55","158.38","20.72M","0.80%"
"09/16/2024","158.06","157.31","158.25","156.60","18.38M","0.38%"
"09/13/2024","157.46","155.43","158.38","155.21","29.59M","1.79%"
"09/12/2024","154.69","153.80","154.82","152.65","29.70M","2.34%"
"09/11/2024","151.16","149.92","151.50","147.52","29.61M","1.68%"
"09/10/2024","148.66","150.45","151.27","148.34","31.12M","-0.03%"
"09/09/2024","148.71","152.51","153.40","147.21","39.26M","-1.46%"
"09/06/2024","150.92","157.30","157.83","150.55","37.91M","-4.02%"
"09/05/2024","157.24","156.30","159.45","155.98","18.69M","0.50%"
"09/04/2024","156.45","156.65","159.00","155.96","19.35M","-0.58%"
"09/03/2024","157.36","161.72","161.85","156.48","38.95M","-3.68%"
"08/30/2024","163.38","162.62","163.66","161.69","22.12M","0.99%"
"08/29/2024","161.78","164.31","165.97","160.25","19.70M","-0.66%"
"08/28/2024","162.85","165.04","165.60","161.53","16.41M","-1.11%"
"08/27/2024","164.68","165.84","166.44","164.46","11.82M","-0.89%"
"08/26/2024","166.16","166.38","167.55","164.46","14.19M","0.33%"
"08/23/2024","165.62","164.72","166.18","163.83","13.96M","1.11%"
"08/22/2024","163.80","167.26","167.59","163.31","22.49M","-1.24%"
"08/21/2024","165.85","165.15","166.85","164.67","22.90M","-0.80%"
"08/20/2024","167.18","166.90","168.64","166.82","18.34M","0.31%"
"08/19/2024","166.67","165.28","166.69","164.26","22.42M","2.28%"
"08/16/2024","162.96","161.47","165.06","161.13","24.21M","1.03%"
"08/15/2024","161.30","160.50","161.63","159.61","31.52M","0.58%"
"08/14/2024","160.37","162.40","163.22","157.71","40.59M","-2.31%"
"08/13/2024","164.16","163.41","164.73","162.97","18.55M","1.15%"
"08/12/2024","162.29","164.35","164.90","161.84","15.90M","-0.84%"
"08/09/2024","163.67","160.01","163.79","159.06","28.60M","1.01%"
"08/08/2024","162.03","160.51","163.69","160.21","25.58M","1.94%"
"08/07/2024","158.94","161.25","162.98","158.47","25.14M","0.41%"
"08/06/2024","158.29","159.33","160.57","156.41","49.00M","-0.60%"
"08/05/2024","159.25","155.50","164.43","154.93","53.63M","-4.45%"
"08/02/2024","166.66","166.44","168.51","164.67","29.13M","-2.40%"
"08/01/2024","170.76","170.25","174.05","168.88","24.53M","-0.45%"
"07/31/2024","171.54","173.24","174.24","170.01","25.73M","0.73%"
"07/30/2024","170.29","170.24","171.23","168.44","18.96M","0.45%"
"07/29/2024","169.53","168.83","170.43","167.99","20.29M","1.51%"
"07/26/2024","167.00","167.15","168.09","164.06","41.34M","-0.17%"
"07/25/2024","167.28","172.52","173.42","167.19","44.85M","-3.10%"
"07/24/2024","172.63","173.60","176.19","171.82","49.59M","-5.04%"
"07/23/2024","181.79","182.05","183.61","181.54","36.35M","0.07%"
"07/22/2024","181.67","180.59","182.70","180.23","24.10M","2.26%"
"07/19/2024","177.66","178.88","180.29","177.13","18.88M","-0.02%"
"07/18/2024","177.69","181.93","182.50","176.47","25.32M","-1.84%"
"07/17/2024","181.02","182.96","183.55","179.90","20.73M","-1.58%"
"07/16/2024","183.92","187.36","188.68","183.37","18.29M","-1.40%"
"07/15/2024","186.53","184.92","188.24","184.92","16.47M","0.79%"
"07/12/2024","185.07","185.08","187.11","184.49","22.90M","-0.27%"
"07/11/2024","185.57","189.85","190.86","185.08","25.63M","-2.93%"
"07/10/2024","191.18","189.15","191.75","189.03","15.95M","1.16%"
"07/09/2024","188.98","190.31","191.36","188.72","15.14M","-0.03%"
"07/08/2024","189.03","189.90","190.17","187.78","21.04M","-0.82%"
"07/05/2024","190.60","185.85","190.86","185.80","20.97M","2.57%"
"07/03/2024","185.82","184.85","186.09","184.00","10.24M","0.31%"
"07/02/2024","185.24","182.05","185.57","181.56","17.37M","1.23%"
"07/01/2024","182.99","183.03","183.88","181.30","16.01M","0.46%"
"06/28/2024","182.15","184.32","185.13","181.96","29.16M","-1.76%"
"06/27/2024","185.41","184.18","186.05","184.02","18.85M","0.83%"
"06/26/2024","183.88","182.63","184.51","182.48","19.84M","-0.08%"
"06/25/2024","184.03","179.62","184.29","179.42","23.24M","2.68%"
"06/24/2024","179.22","180.16","180.89","178.67","18.30M","-0.23%"
"06/21/2024","179.63","177.00","180.85","176.61","58.58M","1.89%"
"06/20/2024","176.30","175.37","177.29","174.99","20.16M","0.69%"
"06/18/2024","175.09","177.14","177.38","174.10","21.87M","-1.21%"
"06/17/2024","177.24","175.46","178.36","174.81","19.62M","0.25%"
"06/14/2024","176.79","174.22","177.06","174.15","18.06M","0.93%"
"06/13/2024","175.16","176.11","176.74","174.88","20.91M","-1.48%"
"06/12/2024","177.79","178.25","180.41","176.11","27.86M","0.66%"
"06/11/2024","176.62","176.22","176.84","173.77","21.54M","0.92%"
"06/10/2024","175.01","174.97","177.06","172.76","23.78M","0.32%"
"06/07/2024","174.46","177.05","177.87","174.30","19.66M","-1.28%"
"06/06/2024","176.73","175.90","177.15","175.75","23.25M","0.75%"
"06/05/2024","175.41","175.20","176.65","173.93","22.07M","0.93%"
"06/04/2024","173.79","173.28","173.85","171.89","26.88M","0.36%"
"06/03/2024","173.17","172.54","174.52","171.16","27.46M","0.39%"
"05/31/2024","172.50","171.86","173.06","169.44","37.64M","0.23%"
"05/30/2024","172.11","175.20","175.22","171.79","22.96M","-2.15%"
"05/29/2024","175.90","175.43","176.84","174.72","23.39M","-0.28%"
"05/28/2024","176.40","174.45","177.27","174.37","20.57M","0.81%"
"05/24/2024","174.99","174.98","175.77","173.65","16.58M","0.83%"
"05/23/2024","173.55","177.07","178.25","172.95","21.02M","-1.60%"
"05/22/2024","176.38","176.64","177.15","175.21","17.88M","-0.83%"
"05/21/2024","177.85","176.90","178.15","175.81","16.99M","0.53%"
"05/20/2024","176.92","176.19","178.77","176.08","22.55M","0.49%"
"05/17/2024","176.06","174.18","176.26","173.69","24.48M","1.08%"
"05/16/2024","174.18","173.29","175.12","172.69","27.87M","0.97%"
"05/15/2024","172.51","170.63","172.65","170.51","26.95M","1.27%"
"05/14/2024","170.34","169.77","171.25","168.80","25.13M","0.71%"
"05/13/2024","169.14","164.26","169.28","164.00","31.33M","0.29%"
"05/10/2024","168.65","168.02","169.85","166.19","29.80M","-0.77%"
"05/09/2024","169.96","169.39","170.69","168.18","15.35M","0.34%"
"05/08/2024","169.38","169.00","170.15","168.74","19.57M","-1.09%"
"05/07/2024","171.25","168.50","171.76","168.39","28.04M","1.87%"
"05/06/2024","168.10","167.46","168.14","166.03","21.87M","0.51%"
"05/03/2024","167.24","167.56","167.96","163.05","34.66M","0.37%"
"05/02/2024","166.62","164.79","166.73","163.89","24.29M","1.68%"
"05/01/2024","163.86","164.30","167.12","163.09","33.49M","0.66%"
"04/30/2024","162.78","165.61","168.10","162.60","33.56M","-2.03%"
"04/29/2024","166.15","169.06","169.55","165.21","45.61M","-3.37%"
"04/26/2024","171.95","174.37","174.71","169.65","64.67M","10.22%"
"04/25/2024","156.00","151.33","156.49","150.87","57.11M","-1.97%"
"04/24/2024","159.13","157.49","159.57","157.16","22.78M","0.55%"
"04/23/2024","158.26","156.96","158.97","156.28","21.15M","1.27%"
"04/22/2024","156.28","154.31","157.64","154.06","26.45M","1.42%"
"04/19/2024","154.09","156.20","156.36","152.30","32.62M","-1.23%"
"04/18/2024","156.01","155.34","156.94","154.62","19.88M","0.35%"
"04/17/2024","155.47","155.62","157.08","154.58","21.76M","0.69%"
"04/16/2024","154.40","154.19","155.65","153.43","20.78M","-0.30%"
"04/15/2024","154.86","158.86","159.24","154.59","27.14M","-1.82%"
"04/12/2024","157.73","157.96","160.22","157.14","25.35M","-1.05%"
"04/11/2024","159.41","156.91","159.68","156.46","27.17M","2.09%"
"04/10/2024","156.14","156.21","156.61","154.68","22.84M","-0.29%"
"04/09/2024","156.60","156.09","158.56","155.19","31.11M","1.13%"
"04/08/2024","154.85","152.78","155.27","152.61","20.70M","1.54%"
"04/05/2024","152.50","150.03","153.42","149.60","23.46M","1.31%"
"04/04/2024","150.53","153.50","154.77","150.45","34.72M","-2.83%"
"04/03/2024","154.92","153.60","155.08","152.73","24.70M","0.23%"
"04/02/2024","154.56","153.50","154.70","152.15","24.59M","-0.60%"
"04/01/2024","155.49","150.69","155.74","150.61","31.73M","3.02%"
"03/28/2024","150.93","150.85","151.43","150.17","24.49M","0.04%"
"03/27/2024","150.87","151.18","151.63","148.90","22.88M","0.13%"
"03/26/2024","150.67","150.22","152.26","149.98","22.15M","0.40%"
"03/25/2024","150.07","149.94","150.38","147.82","19.23M","-0.46%"
"03/22/2024","150.77","149.12","151.58","148.98","29.21M","2.15%"
"03/21/2024","147.60","149.47","150.37","146.90","24.76M","-0.77%"
"03/20/2024","148.74","148.00","148.86","146.74","21.31M","1.16%"
"03/19/2024","147.03","148.16","148.79","146.08","24.07M","-0.44%"
"03/18/2024","147.68","148.61","152.15","147.17","69.27M","4.60%"
"03/15/2024","141.18","142.50","143.18","140.03","49.48M","-1.34%"
"03/14/2024","143.10","141.19","143.59","140.46","42.75M","2.37%"
"03/13/2024","139.79","139.00","141.09","138.99","23.35M","0.93%"
"03/12/2024","138.50","137.03","139.38","137.03","27.56M","0.60%"
"03/11/2024","137.67","136.13","139.10","136.13","32.44M","1.67%"
"03/08/2024","135.41","134.21","138.09","134.00","39.37M","0.77%"
"03/07/2024","134.38","132.79","134.94","131.61","37.74M","2.27%"
"03/06/2024","131.40","133.12","133.58","130.85","35.32M","-0.96%"
"03/05/2024","132.67","131.88","133.24","130.66","40.19M","-0.51%"
"03/04/2024","133.35","135.66","135.66","131.91","56.00M","-2.76%"
"03/01/2024","137.14","138.43","138.87","136.92","31.15M","-0.95%"
"02/29/2024","138.46","137.28","138.86","136.40","42.13M","1.53%"
"02/28/2024","136.38","137.90","138.01","135.41","37.33M","-1.80%"
"02/27/2024","138.88","138.02","139.25","137.09","33.10M","0.95%"
"02/26/2024","137.57","142.14","142.44","137.39","53.64M","-4.44%"
"02/23/2024","143.96","143.67","144.68","143.43","19.49M","-0.09%"
"02/22/2024","144.09","144.93","145.00","142.80","27.19M","1.08%"
"02/21/2024","142.55","141.45","142.69","140.68","23.32M","1.01%"
"02/20/2024","141.12","139.65","142.08","139.49","24.94M","0.43%"
"02/16/2024","140.52","142.99","143.19","140.14","31.47M","-1.58%"
"02/15/2024","142.77","143.14","143.52","140.46","37.59M","-2.17%"
"02/14/2024","145.94","146.08","146.52","144.09","22.70M","0.55%"
"02/13/2024","145.14","144.92","146.67","143.69","27.84M","-1.62%"
"02/12/2024","147.53","148.42","149.34","147.37","21.56M","-0.99%"
"02/09/2024","149.00","146.68","149.44","146.18","26.83M","2.12%"
"02/08/2024","145.91","145.83","146.33","145.10","22.56M","0.25%"
"02/07/2024","145.54","144.76","145.62","143.93","25.21M","1.00%"
"02/06/2024","144.10","144.65","145.36","143.19","29.13M","0.29%"
"02/05/2024","143.68","142.82","145.47","142.78","38.51M","0.91%"
"02/02/2024","142.38","139.26","142.62","136.50","62.50M","0.86%"
"02/01/2024","141.16","142.12","143.06","140.79","40.47M","0.76%"
"01/31/2024","140.10","143.62","144.00","139.87","71.91M","-7.50%"
"01/30/2024","151.46","152.80","153.62","151.18","36.33M","-1.34%"
"01/29/2024","153.51","152.06","153.78","151.43","27.78M","0.87%"
"01/26/2024","152.18","151.10","152.54","151.01","26.12M","0.21%"
"01/25/2024","151.87","150.07","153.05","149.54","29.15M","2.13%"
"01/24/2024","148.70","148.54","149.85","148.10","25.23M","1.13%"
"01/23/2024","147.04","145.89","147.18","145.50","21.64M","0.72%"
"01/22/2024","145.99","147.10","148.39","145.84","32.20M","-0.27%"
"01/19/2024","146.38","144.74","146.45","144.38","34.27M","2.02%"
"01/18/2024","143.48","142.05","144.21","141.99","25.75M","1.42%"
"01/17/2024","141.47","141.35","141.84","138.90","20.97M","-0.72%"
"01/16/2024","142.49","142.00","144.35","141.45","22.67M","-0.11%"
"01/12/2024","142.65","142.67","143.20","141.82","18.79M","0.40%"
"01/11/2024","142.08","143.49","145.22","140.63","24.01M","-0.14%"
"01/10/2024","142.28","141.00","143.00","140.91","21.32M","0.94%"
"01/09/2024","140.95","138.50","141.49","138.15","24.76M","1.52%"
"01/08/2024","138.84","136.29","139.01","136.26","21.40M","2.29%"
"01/05/2024","135.73","136.74","137.16","135.15","22.51M","-0.48%"
"01/04/2024","136.39","138.42","139.16","136.35","27.14M","-1.82%"
"01/03/2024","138.92","137.25","139.63","137.08","24.21M","0.54%"
"01/02/2024","138.17","138.55","139.45","136.48","23.71M","-1.09%"
"12/29/2023","139.69","139.63","140.36","138.78","18.73M","-0.39%"
"12/28/2023","140.23","140.78","141.14","139.75","16.05M","-0.10%"
"12/27/2023","140.37","141.59","142.08","139.89","19.63M","-0.81%"
"12/26/2023","141.52","141.59","142.68","141.19","16.78M","0.02%"
"12/22/2023","141.49","140.77","141.99","140.71","26.53M","0.76%"
"12/21/2023","140.42","139.49","140.68","139.18","27.49M","1.50%"
"12/20/2023","138.34","138.97","141.70","138.07","49.11M","1.24%"
"12/19/2023","136.65","136.84","137.47","136.08","25.48M","0.63%"
"12/18/2023","135.80","132.63","137.15","132.43","32.26M","2.41%"
"12/15/2023","132.60","131.62","133.51","131.18","50.85M","0.50%"
"12/14/2023","131.94","133.38","133.72","129.68","38.72M","-0.48%"
"12/13/2023","132.57","133.38","133.50","131.57","30.10M","0.04%"
"12/12/2023","132.52","131.81","133.00","131.26","29.03M","-0.58%"
"12/11/2023","133.29","132.38","133.34","131.36","31.14M","-1.26%"
"12/08/2023","134.99","134.20","136.40","134.02","32.26M","-1.42%"
"12/07/2023","136.93","135.04","138.56","134.70","56.77M","5.31%"
"12/06/2023","130.02","131.44","131.84","129.88","23.58M","-0.74%"
"12/05/2023","130.99","128.95","132.14","128.25","27.38M","1.33%"
"12/04/2023","129.27","129.88","130.03","127.90","36.67M","-1.96%"
"12/01/2023","131.86","131.86","132.11","130.66","31.44M","-0.51%"
"11/30/2023","132.53","135.05","135.55","131.28","38.99M","-1.82%"
"11/29/2023","134.99","137.57","138.29","134.84","23.97M","-1.61%"
"11/28/2023","137.20","136.08","137.25","135.42","18.73M","0.58%"
"11/27/2023","136.41","136.03","138.42","136.00","23.44M","-0.20%"
"11/24/2023","136.69","138.03","138.13","135.99","12.51M","-1.30%"
"11/22/2023","138.49","137.47","139.42","137.47","17.82M","1.11%"
"11/21/2023","136.97","136.29","137.18","135.96","22.64M","0.53%"
"11/20/2023","136.25","133.69","136.66","133.62","27.85M","0.69%"
"11/17/2023","135.31","136.00","136.06","133.65","37.29M","-1.18%"
"11/16/2023","136.93","135.19","137.22","134.32","28.01M","1.72%"
"11/15/2023","134.62","134.87","135.03","133.57","23.86M","0.75%"
"11/14/2023","133.62","134.19","135.70","133.32","32.40M","1.16%"
"11/13/2023","132.09","131.78","132.59","131.25","18.32M","-0.38%"
"11/10/2023","132.59","130.10","132.80","129.41","26.93M","1.80%"
"11/09/2023","130.24","131.96","132.55","130.07","23.75M","-1.21%"
"11/08/2023","131.84","130.97","132.21","130.78","26.43M","0.66%"
"11/07/2023","130.97","130.71","131.91","129.88","29.76M","0.55%"
"11/06/2023","130.25","129.05","130.34","128.67","19.05M","0.89%"
"11/03/2023","129.10","128.02","129.52","127.86","26.39M","1.26%"
"11/02/2023","127.49","128.42","128.98","126.93","27.12M","0.82%"
"11/01/2023","126.45","124.07","126.49","123.71","30.08M","1.91%"
"10/31/2023","124.08","125.06","125.37","122.68","26.29M","-0.31%"
"10/30/2023","124.46","123.21","125.40","122.75","28.94M","1.87%"
"10/27/2023","122.17","122.88","123.31","120.21","44.57M","-0.09%"
"10/26/2023","122.28","123.27","124.33","121.27","57.06M","-2.65%"
"10/25/2023","125.61","128.16","128.31","125.07","84.37M","-9.51%"
"10/24/2023","138.81","137.83","139.36","137.42","44.81M","1.69%"
"10/23/2023","136.50","135.04","137.66","133.95","26.32M","0.66%"
"10/20/2023","135.60","137.33","137.87","135.08","26.34M","-1.56%"
"10/19/2023","137.75","138.50","139.66","137.38","26.07M","-0.15%"
"10/18/2023","137.96","139.45","140.72","137.38","23.37M","-1.26%"
"10/17/2023","139.72","138.63","139.90","137.18","23.52M","0.45%"
"10/16/2023","139.10","138.17","139.63","137.99","28.50M","1.26%"
"10/13/2023","137.36","139.38","140.00","136.62","23.44M","-1.16%"
"10/12/2023","138.97","141.05","141.22","138.26","24.77M","-1.12%"
"10/11/2023","140.55","138.58","141.11","138.58","25.88M","1.80%"
"10/10/2023","138.06","138.50","139.72","137.33","27.79M","-0.26%"
"10/09/2023","138.42","136.94","138.94","135.61","19.28M","0.61%"
"10/06/2023","137.58","134.01","138.15","134.01","27.60M","1.86%"
"10/05/2023","135.07","135.07","135.49","133.45","19.83M","-0.13%"
"10/04/2023","135.24","132.79","135.57","132.53","26.75M","2.12%"
"10/03/2023","132.43","133.94","134.26","131.84","22.99M","-1.30%"
"10/02/2023","134.17","131.21","134.42","131.17","22.29M","2.53%"
"09/29/2023","130.86","133.28","134.05","130.36","30.86M","-1.10%"
"09/28/2023","132.31","129.84","133.30","129.79","22.51M","1.36%"
"09/27/2023","130.54","128.57","130.90","128.57","22.75M","1.54%"
"09/26/2023","128.57","129.77","130.36","127.22","25.72M","-1.94%"
"09/25/2023","131.11","129.83","131.17","128.96","20.09M","0.66%"
"09/22/2023","130.25","130.76","132.02","129.60","26.40M","-0.15%"
"09/21/2023","130.44","131.44","132.23","130.07","31.50M","-2.47%"
"09/20/2023","133.74","138.08","138.08","133.62","29.93M","-3.12%"
"09/19/2023","138.04","137.42","138.41","136.62","20.35M","-0.12%"
"09/18/2023","138.21","136.61","139.16","136.61","21.86M","0.59%"
"09/15/2023","137.40","137.98","138.52","136.48","38.92M","-0.51%"
"09/14/2023","138.10","137.60","138.70","136.24","24.75M","1.02%"
"09/13/2023","136.71","135.09","136.90","134.15","20.75M","1.01%"
"09/12/2023","135.34","136.26","136.87","135.19","18.41M","-1.15%"
"09/11/2023","136.92","136.54","137.48","135.79","20.76M","0.40%"
"09/08/2023","136.38","134.91","136.66","134.85","23.58M","0.83%"
"09/07/2023","135.26","133.59","135.58","132.95","18.84M","0.59%"
"09/06/2023","134.46","136.02","136.53","133.66","18.68M","-0.96%"
"09/05/2023","135.77","135.44","136.42","134.58","19.40M","0.08%"
"09/01/2023","135.66","137.46","137.46","134.85","21.54M","-0.37%"
"08/31/2023","136.17","136.01","138.00","135.79","30.05M","0.21%"
"08/30/2023","135.88","134.78","136.27","134.07","28.32M","0.97%"
"08/29/2023","134.57","132.24","136.57","132.24","43.08M","2.72%"
"08/28/2023","131.01","131.31","132.54","130.14","20.54M","0.87%"
"08/25/2023","129.88","129.54","130.76","127.25","26.76M","0.08%"
"08/24/2023","129.78","133.95","134.25","129.57","28.50M","-1.96%"
"08/23/2023","132.37","130.18","133.41","129.87","27.82M","2.55%"
"08/22/2023","129.08","128.51","130.28","128.32","22.07M","0.55%"
"08/21/2023","128.37","127.18","128.73","126.56","25.25M","0.71%"
"08/18/2023","127.46","128.51","129.25","126.38","30.50M","-1.89%"
"08/17/2023","129.92","129.80","131.99","129.29","33.45M","0.95%"
"08/16/2023","128.70","128.70","130.28","127.86","25.22M","-0.83%"
"08/15/2023","129.78","131.10","131.42","129.28","19.77M","-1.18%"
"08/14/2023","131.33","129.39","131.37","128.96","24.70M","1.37%"
"08/11/2023","129.56","128.66","129.93","128.17","19.59M","-0.10%"
"08/10/2023","129.69","131.32","132.05","129.45","20.86M","0.02%"
"08/09/2023","129.66","131.66","132.04","129.00","24.91M","-1.32%"
"08/08/2023","131.40","130.62","131.51","129.54","23.54M","-0.10%"
"08/07/2023","131.53","129.16","131.61","129.02","22.75M","2.67%"
"08/04/2023","128.11","129.28","131.51","127.91","26.15M","-0.26%"
"08/03/2023","128.45","127.97","129.38","127.42","20.16M","0.05%"
"08/02/2023","128.38","129.45","130.09","127.56","26.27M","-2.41%"
"08/01/2023","131.55","130.77","132.63","130.68","23.28M","-0.88%"
"07/31/2023","132.72","132.73","133.52","131.77","28.06M","0.11%"
"07/28/2023","132.58","130.78","133.74","130.57","36.59M","2.46%"
"07/27/2023","129.40","131.67","133.24","128.79","44.95M","0.10%"
"07/26/2023","129.27","130.07","130.98","128.32","61.68M","5.78%"
"07/25/2023","122.21","121.36","123.14","121.02","52.51M","0.56%"
"07/24/2023","121.53","121.66","123.00","120.98","29.72M","1.26%"
"07/21/2023","120.02","120.62","120.99","118.73","71.61M","0.69%"
"07/20/2023","119.20","121.42","124.09","118.22","37.91M","-2.32%"
"07/19/2023","122.03","124.60","125.18","121.80","37.22M","-1.40%"
"07/18/2023","123.76","124.60","124.68","122.96","26.23M","-0.71%"
"07/17/2023","124.65","125.94","127.10","124.19","25.72M","-0.61%"
"07/14/2023","125.42","124.80","126.78","123.49","33.28M","0.71%"
"07/13/2023","124.54","120.93","124.83","120.45","44.30M","4.72%"
"07/12/2023","118.93","118.80","120.33","118.41","30.40M","1.53%"
"07/11/2023","117.14","116.29","117.71","115.35","23.08M","0.59%"
"07/10/2023","116.45","118.30","118.31","116.14","35.32M","-2.54%"
"07/07/2023","119.48","120.10","121.05","119.40","21.71M","-0.52%"
"07/06/2023","120.11","119.79","120.30","118.40","24.78M","-1.35%"
"07/05/2023","121.75","119.24","122.61","119.23","27.58M","1.54%"
"07/03/2023","119.90","119.24","120.19","118.82","14.47M","0.17%"
"06/30/2023","119.70","120.17","121.08","119.69","29.53M","0.50%"
"06/29/2023","119.10","119.24","120.06","118.29","24.09M","-0.90%"
"06/28/2023","120.18","117.09","120.39","116.85","27.09M","1.56%"
"06/27/2023","118.33","117.08","119.08","116.10","39.54M","-0.01%"
"06/26/2023","118.34","120.76","122.00","118.26","33.97M","-3.27%"
"06/23/2023","122.34","121.38","122.79","121.06","34.91M","-0.66%"
"06/22/2023","123.15","120.00","123.24","118.83","26.95M","2.16%"
"06/21/2023","120.55","122.40","122.66","120.10","30.31M","-2.07%"
"06/20/2023","123.10","122.93","124.57","122.14","26.10M","-0.35%"
"06/16/2023","123.53","125.93","126.11","123.28","45.54M","-1.25%"
"06/15/2023","125.09","123.14","125.46","122.40","35.25M","1.15%"
"06/14/2023","123.67","123.10","124.05","121.45","30.59M","-0.13%"
"06/13/2023","123.83","124.98","125.16","123.18","22.28M","0.15%"
"06/12/2023","123.64","122.79","124.05","121.66","28.34M","1.15%"
"06/09/2023","122.23","122.25","123.75","121.91","23.78M","0.07%"
"06/08/2023","122.14","122.22","123.22","121.24","29.39M","-0.29%"
"06/07/2023","122.50","126.97","129.04","122.12","52.54M","-3.78%"
"06/06/2023","127.31","126.01","128.29","125.36","26.64M","1.03%"
"06/05/2023","126.01","124.01","127.43","123.84","32.31M","1.07%"
"06/02/2023","124.67","123.99","126.15","123.76","26.98M","0.77%"
"06/01/2023","123.72","122.82","124.42","122.62","30.77M","0.69%"
"05/31/2023","122.87","122.75","124.06","122.50","37.33M","-0.65%"
"05/30/2023","123.67","125.64","125.66","122.00","35.08M","-0.75%"
"05/26/2023","124.61","123.17","125.26","122.45","35.64M","0.92%"
"05/25/2023","123.48","124.52","125.32","121.96","42.32M","2.13%"
"05/24/2023","120.90","121.12","121.91","119.86","34.18M","-1.35%"
"05/23/2023","122.56","124.16","124.63","122.21","34.05M","-1.99%"
"05/22/2023","125.05","122.94","126.43","122.74","35.25M","1.87%"
"05/19/2023","122.76","123.55","125.97","122.15","41.35M","-0.06%"
"05/18/2023","122.83","120.95","123.31","120.83","35.23M","1.65%"
"05/17/2023","120.84","119.61","121.67","118.89","33.32M","1.11%"
"05/16/2023","119.51","116.49","120.75","116.43","45.04M","2.57%"
"05/15/2023","116.51","116.11","118.48","116.01","36.27M","-0.85%"
"05/12/2023","117.51","116.68","118.03","116.11","41.10M","0.81%"
"05/11/2023","116.57","115.39","117.92","114.41","78.90M","4.31%"
"05/10/2023","111.75","107.97","112.94","107.93","63.15M","4.10%"
"05/09/2023","107.35","108.39","110.15","107.19","36.36M","-0.39%"
"05/08/2023","107.77","105.18","107.96","105.16","26.51M","2.08%"
"05/05/2023","105.57","104.82","105.88","104.11","26.64M","0.84%"
"05/04/2023","104.69","105.49","105.60","103.97","23.42M","-0.68%"
"05/03/2023","105.41","105.53","107.49","104.96","21.80M","0.09%"
"05/02/2023","105.32","107.14","107.20","103.71","31.00M","-1.75%"
"05/01/2023","107.20","106.84","107.99","106.82","26.68M","-0.13%"
"04/28/2023","107.34","107.04","107.35","105.09","36.14M","-0.23%"
"04/27/2023","107.59","104.45","108.37","103.54","50.09M","3.74%"
"04/26/2023","103.71","104.92","106.35","102.63","53.35M","-0.13%"
"04/25/2023","103.85","105.82","106.69","103.84","46.66M","-2.00%"
"04/24/2023","105.97","105.49","106.63","104.70","23.54M","0.53%"
"04/21/2023","105.41","105.47","106.00","104.78","25.80M","0.11%"
"04/20/2023","105.29","103.91","106.25","103.87","27.82M","1.07%"
"04/19/2023","104.18","103.58","104.98","103.07","20.91M","-0.31%"
"04/18/2023","104.50","106.49","106.54","104.07","26.60M","-1.39%"
"04/17/2023","105.97","104.66","106.16","104.52","37.57M","-2.66%"
"04/14/2023","108.87","106.89","108.94","106.84","26.58M","1.34%"
"04/13/2023","107.43","105.84","107.49","105.84","24.84M","2.67%"
"04/12/2023","104.64","106.58","106.75","104.34","24.37M","-0.67%"
"04/11/2023","105.35","106.55","106.73","104.68","26.31M","-1.02%"
"04/10/2023","106.44","106.98","107.59","105.12","27.07M","-1.83%"
"04/06/2023","108.42","105.26","109.17","104.33","48.71M","3.78%"
"04/05/2023","104.47","105.78","106.10","103.66","28.29M","-0.24%"
"04/04/2023","104.72","104.33","105.58","104.04","24.42M","0.34%"
"04/03/2023","104.36","102.39","104.53","101.93","25.04M","0.61%"
"03/31/2023","103.73","101.30","103.89","101.04","36.86M","2.81%"
"03/30/2023","100.89","100.91","101.15","99.78","33.09M","-0.49%"
"03/29/2023","101.39","102.28","102.49","100.65","28.78M","0.36%"
"03/28/2023","101.03","102.44","102.45","99.74","32.06M","-1.40%"
"03/27/2023","102.46","104.61","104.76","101.93","31.12M","-2.83%"
"03/24/2023","105.44","104.99","105.49","103.84","30.41M","-0.15%"
"03/23/2023","105.60","105.06","106.30","104.46","40.80M","2.16%"
"03/22/2023","103.37","104.27","106.59","103.33","43.43M","-1.48%"
"03/21/2023","104.92","101.25","105.10","101.22","42.11M","3.66%"
"03/20/2023","101.22","100.12","101.75","99.87","32.96M","-0.39%"
"03/17/2023","101.62","100.26","102.83","100.10","61.03M","1.30%"
"03/16/2023","100.32","96.20","101.19","95.50","65.57M","4.38%"
"03/15/2023","96.11","93.22","96.93","92.64","50.62M","2.28%"
"03/14/2023","93.97","92.56","94.36","92.44","36.05M","3.14%"
"03/13/2023","91.11","90.09","92.57","89.42","37.34M","0.53%"
"03/10/2023","90.63","92.17","92.79","90.39","35.94M","-1.83%"
"03/09/2023","92.32","94.05","95.53","91.90","28.81M","-2.05%"
"03/08/2023","94.25","94.12","95.96","94.00","34.10M","0.42%"
"03/07/2023","93.86","94.98","95.67","93.53","27.84M","-1.34%"
"03/06/2023","95.13","94.01","95.97","94.00","32.64M","1.58%"
"03/03/2023","93.65","92.48","93.73","92.45","35.16M","1.79%"
"03/02/2023","92.00","89.66","92.28","89.59","32.23M","1.81%"
"03/01/2023","90.36","89.98","91.03","89.67","31.11M","0.33%"
"02/28/2023","90.06","89.33","91.23","89.32","30.14M","0.21%"
"02/27/2023","89.87","89.87","90.16","89.33","27.50M","0.83%"
"02/24/2023","89.13","89.44","89.89","88.57","36.59M","-1.94%"
"02/23/2023","90.89","91.92","91.94","89.76","41.21M","-0.83%"
"02/22/2023","91.65","91.70","92.11","90.61","30.88M","-0.15%"
"02/21/2023","91.79","93.00","93.10","91.72","33.63M","-2.71%"
"02/17/2023","94.35","94.85","95.56","93.21","34.28M","-1.21%"
"02/16/2023","95.51","95.37","97.68","94.74","42.46M","-1.48%"
"02/15/2023","96.94","94.49","97.12","94.15","50.30M","2.39%"
"02/14/2023","94.68","94.43","94.85","92.26","54.73M","0.07%"
"02/13/2023","94.61","94.74","95.20","93.84","50.08M","0.04%"
"02/10/2023","94.57","95.45","96.75","94.25","54.98M","-0.46%"
"02/09/2023","95.01","100.00","100.03","93.63","119.46M","-4.39%"
"02/08/2023","99.37","102.05","103.14","98.04","94.74M","-7.68%"
"02/07/2023","107.64","103.22","108.18","103.12","49.01M","4.61%"
"02/06/2023","102.90","102.40","104.36","101.88","32.00M","-1.79%"
"02/03/2023","104.78","102.93","107.81","102.58","65.31M","-2.75%"
"02/02/2023","107.74","105.80","107.85","105.61","69.88M","7.28%"
"02/01/2023","100.43","98.71","101.19","97.58","35.53M","1.61%"
"01/31/2023","98.84","96.87","98.88","96.82","29.87M","1.96%"
"01/30/2023","96.94","97.48","98.29","96.39","27.23M","-2.45%"
"01/27/2023","99.37","97.31","100.32","97.31","33.88M","1.90%"
"01/26/2023","97.52","96.50","97.57","95.38","30.11M","2.42%"
"01/25/2023","95.22","95.57","96.16","93.76","42.33M","-2.54%"
"01/24/2023","97.70","98.10","99.61","97.20","33.08M","-2.09%"
"01/23/2023","99.79","97.95","100.04","97.50","40.01M","1.81%"
"01/20/2023","98.02","95.10","98.30","95.02","63.19M","5.34%"
"01/19/2023","93.05","90.72","93.61","90.63","37.00M","2.12%"
"01/18/2023","91.12","92.14","92.80","90.64","29.12M","-0.19%"
"01/17/2023","91.29","92.06","92.25","90.05","32.60M","-0.90%"
"01/13/2023","92.12","90.85","92.19","90.13","26.33M","1.09%"
"01/12/2023","91.13","91.48","91.87","89.75","30.26M","-0.43%"
"01/11/2023","91.52","89.18","91.60","89.01","26.86M","3.51%"
"01/10/2023","88.42","85.98","88.67","85.83","30.47M","0.45%"
"01/09/2023","88.02","88.36","90.05","87.86","29.00M","0.78%"
"01/06/2023","87.34","86.79","87.69","84.86","41.38M","1.32%"
"01/05/2023","86.20","87.47","87.57","85.90","27.19M","-2.13%"
"01/04/2023","88.08","90.35","90.65","87.27","34.85M","-1.17%"
"01/03/2023","89.12","89.58","91.05","88.52","28.13M","1.01%"
"12/30/2022","88.23","86.98","88.30","86.57","23.99M","-0.25%"
"12/29/2022","88.45","86.62","88.85","86.61","23.33M","2.82%"
"12/28/2022","86.02","86.98","88.04","85.94","19.52M","-1.57%"
"12/27/2022","87.39","88.79","88.94","87.01","20.10M","-2.06%"
"12/23/2022","89.23","87.11","89.54","87.07","23.00M","1.68%"
"12/22/2022","87.76","88.16","88.54","86.32","27.66M","-2.03%"
"12/21/2022","89.58","89.08","90.22","88.32","24.75M","0.63%"
"12/20/2022","89.02","88.11","89.18","87.44","23.45M","0.66%"
"12/19/2022","88.44","90.25","90.56","88.21","29.49M","-2.02%"
"12/16/2022","90.26","90.76","91.33","89.52","58.01M","-0.66%"
"12/15/2022","90.86","93.13","93.64","90.01","40.11M","-4.43%"
"12/14/2022","95.07","95.20","96.87","93.60","28.73M","-0.59%"
"12/13/2022","95.63","97.76","99.53","95.03","40.59M","2.49%"
"12/12/2022","93.31","92.71","93.56","91.61","29.01M","0.52%"
"12/09/2022","92.83","93.77","94.26","92.75","28.23M","-0.94%"
"12/08/2022","93.71","95.38","95.58","93.45","32.21M","-1.30%"
"12/07/2022","94.94","96.41","96.88","94.71","31.05M","-2.10%"
"12/06/2022","96.98","99.30","99.78","96.42","24.91M","-2.51%"
"12/05/2022","99.48","99.40","101.38","99.00","24.41M","-0.96%"
"12/02/2022","100.44","99.05","100.77","98.90","21.48M","-0.54%"
"12/01/2022","100.99","101.02","102.25","100.25","28.69M","0.00%"
"11/30/2022","100.99","94.82","101.04","94.42","43.65M","6.09%"
"11/29/2022","95.19","95.73","96.12","94.11","20.06M","-0.90%"
"11/28/2022","96.05","97.04","97.58","95.61","26.25M","-1.45%"
"11/25/2022","97.46","98.24","98.64","97.40","9.70M","-1.02%"
"11/23/2022","98.46","97.09","98.76","97.09","18.87M","1.45%"
"11/22/2022","97.05","95.95","97.22","94.05","23.44M","1.52%"
"11/21/2022","95.60","97.29","98.40","95.36","21.65M","-1.88%"
"11/18/2022","97.43","98.77","98.90","96.37","28.34M","-0.95%"
"11/17/2022","98.36","96.97","99.28","96.79","26.05M","-0.50%"
"11/16/2022","98.85","97.90","99.64","97.64","29.11M","0.42%"
"11/15/2022","98.44","98.26","100.14","96.71","41.64M","2.86%"
"11/14/2022","95.70","95.09","96.79","94.51","30.18M","-0.74%"
"11/11/2022","96.41","94.69","96.93","93.92","33.09M","2.63%"
"11/10/2022","93.94","92.25","94.39","91.61","51.62M","7.58%"
"11/09/2022","87.32","88.45","89.43","87.28","31.77M","-1.78%"
"11/08/2022","88.90","88.90","90.32","87.59","30.43M","0.46%"
"11/07/2022","88.49","87.28","88.90","86.85","34.08M","2.21%"
"11/04/2022","86.58","85.40","86.64","83.71","51.12M","3.78%"
"11/03/2022","83.43","86.32","86.52","83.34","61.29M","-4.07%"
"11/02/2022","86.97","90.94","91.18","86.88","57.04M","-3.87%"
"11/01/2022","90.47","95.45","96.03","90.37","47.16M","-4.27%"
"10/31/2022","94.51","95.42","96.03","93.98","31.68M","-1.85%"
"10/28/2022","96.29","92.27","96.55","92.13","43.70M","4.41%"
"10/27/2022","92.22","94.52","95.43","91.80","60.71M","-2.85%"
"10/26/2022","94.93","96.43","98.31","94.69","88.28M","-9.14%"
"10/25/2022","104.48","102.90","104.82","102.72","40.61M","1.91%"
"10/24/2022","102.52","101.80","102.75","99.98","27.18M","1.37%"
"10/21/2022","101.13","97.85","101.31","97.72","32.46M","1.16%"
"10/20/2022","99.97","100.00","102.32","99.39","25.32M","0.34%"
"10/19/2022","99.63","100.01","101.02","98.92","23.81M","-1.13%"
"10/18/2022","100.77","103.13","103.47","99.97","24.06M","0.80%"
"10/17/2022","99.97","98.86","100.93","98.83","28.42M","3.53%"
"10/14/2022","96.56","99.99","100.69","96.37","25.41M","-2.52%"
"10/13/2022","99.06","95.15","99.78","94.38","34.57M","1.54%"
"10/12/2022","97.56","97.30","98.75","96.74","21.88M","0.39%"
"10/11/2022","97.18","97.43","99.25","96.31","26.51M","-0.69%"
"10/10/2022","97.86","99.00","99.10","97.01","18.23M","-0.83%"
"10/07/2022","98.68","99.85","100.53","98.29","27.50M","-2.70%"
"10/06/2022","101.42","100.68","102.93","100.59","22.32M","-0.01%"
"10/05/2022","101.43","99.82","101.93","98.80","22.18M","-0.21%"
"10/04/2022","101.64","100.44","101.84","100.38","28.85M","3.04%"
"10/03/2022","98.64","96.76","99.29","96.52","27.98M","3.13%"
"09/30/2022","95.65","97.05","98.90","95.56","32.94M","-1.82%"
"09/29/2022","97.42","98.64","98.64","95.96","31.05M","-2.63%"
"09/28/2022","100.05","97.65","100.70","97.11","32.47M","2.62%"
"09/27/2022","97.50","99.43","100.00","96.87","30.07M","-0.68%"
"09/26/2022","98.17","98.10","99.88","97.80","27.07M","-0.58%"
"09/23/2022","98.74","99.63","99.66","97.47","31.63M","-1.40%"
"09/22/2022","100.14","98.82","101.24","98.79","34.30M","0.87%"
"09/21/2022","99.28","101.67","102.88","99.27","31.49M","-1.84%"
"09/20/2022","101.14","102.08","102.37","100.52","26.52M","-1.87%"
"09/19/2022","103.07","101.75","103.33","101.55","23.04M","0.26%"
"09/16/2022","102.80","102.07","103.13","100.94","42.80M","-0.11%"
"09/15/2022","102.91","104.03","105.27","102.35","34.19M","-1.99%"
"09/14/2022","105.00","104.57","105.28","103.66","26.40M","0.65%"
"09/13/2022","104.32","107.80","108.30","104.09","38.17M","-5.90%"
"09/12/2022","110.86","110.99","111.62","109.93","22.97M","0.19%"
"09/09/2022","110.65","109.07","110.99","109.02","23.21M","2.09%"
"09/08/2022","108.38","108.04","109.60","107.16","24.24M","-0.98%"
"09/07/2022","109.45","107.06","109.98","106.90","23.17M","2.47%"
"09/06/2022","106.81","107.30","108.03","105.78","25.07M","-0.96%"
"09/02/2022","107.85","110.59","110.74","107.26","24.16M","-1.72%"
"09/01/2022","109.74","108.28","110.44","107.36","28.36M","1.40%"
"08/31/2022","108.22","110.65","110.85","108.13","28.63M","-0.66%"
"08/30/2022","108.94","110.17","110.50","107.80","27.51M","-0.44%"
"08/29/2022","109.42","109.99","110.95","108.80","21.19M","-0.83%"
"08/26/2022","110.34","114.72","115.12","110.19","37.25M","-5.41%"
"08/25/2022","116.65","114.24","116.72","114.11","16.96M","2.60%"
"08/24/2022","113.69","113.50","114.78","112.87","17.73M","-0.15%"
"08/23/2022","113.86","113.47","115.01","113.43","15.87M","-0.33%"
"08/22/2022","114.24","115.20","115.63","113.85","21.46M","-2.53%"
"08/19/2022","117.21","119.06","119.15","116.76","21.81M","-2.46%"
"08/18/2022","120.17","119.43","120.82","118.72","17.99M","0.52%"
"08/17/2022","119.55","120.12","121.29","119.38","22.85M","-1.77%"
"08/16/2022","121.70","121.52","122.43","120.64","19.04M","-0.31%"
"08/15/2022","122.08","121.13","122.30","120.61","19.49M","0.33%"
"08/12/2022","121.68","120.26","121.68","119.46","19.10M","2.39%"
"08/11/2022","118.84","121.28","121.49","118.56","24.29M","-0.72%"
"08/10/2022","119.70","118.78","120.92","118.41","30.93M","2.63%"
"08/09/2022","116.63","117.14","117.32","115.71","19.09M","-0.57%"
"08/08/2022","117.30","118.39","120.15","116.88","19.17M","-0.14%"
"08/05/2022","117.47","116.23","118.11","116.00","19.16M","-0.61%"
"08/04/2022","118.19","117.48","118.78","116.89","21.60M","0.09%"
"08/03/2022","118.08","115.71","118.62","115.48","28.50M","2.56%"
"08/02/2022","115.13","114.00","116.35","113.72","20.24M","0.24%"
"08/01/2022","114.86","115.30","116.72","114.34","26.03M","-1.26%"
"07/29/2022","116.32","113.08","116.71","113.06","37.22M","1.84%"
"07/28/2022","114.22","112.37","114.34","111.46","32.82M","1.03%"
"07/27/2022","113.06","109.26","113.91","108.01","59.86M","7.66%"
"07/26/2022","105.02","106.60","107.20","104.07","47.99M","-2.32%"
"07/25/2022","107.51","108.41","109.87","106.30","34.69M","-0.36%"
"07/22/2022","107.90","111.00","112.34","106.50","48.90M","-5.63%"
"07/21/2022","114.34","114.28","114.55","111.11","32.68M","0.39%"
"07/20/2022","113.90","113.17","115.40","112.48","35.60M","0.08%"
"07/19/2022","113.81","110.85","114.02","109.56","36.53M","4.38%"
"07/18/2022","109.03","112.64","113.68","108.37","43.16M","-2.46%"
"07/15/2022","111.78","112.00","113.14","110.90","46.77M","1.28%"
"07/14/2022","110.37","110.21","111.09","108.37","37.00M","-0.89%"
"07/13/2022","111.35","111.70","114.20","111.20","43.72M","-2.34%"
"07/12/2022","114.02","116.21","116.97","113.69","29.96M","-1.43%"
"07/11/2022","115.68","118.00","118.00","115.33","31.24M","-3.08%"
"07/08/2022","119.35","117.25","119.68","116.90","38.24M","0.48%"
"07/07/2022","118.78","115.08","119.19","114.83","40.94M","3.68%"
"07/06/2022","114.57","113.30","115.59","111.48","37.43M","1.16%"
"07/05/2022","113.26","107.10","113.38","105.73","39.40M","4.16%"
"07/01/2022","108.74","107.93","109.25","106.73","35.48M","-0.21%"
"06/30/2022","108.96","110.00","110.89","106.75","43.17M","-2.45%"
"06/29/2022","111.70","111.55","113.16","110.87","24.72M","-0.27%"
"06/28/2022","112.01","115.80","117.31","111.85","35.88M","-3.30%"
"06/27/2022","115.83","118.27","118.58","115.18","36.42M","-1.82%"
"06/24/2022","117.97","113.00","118.08","112.95","41.16M","5.11%"
"06/23/2022","112.24","112.23","112.74","110.50","28.36M","0.68%"
"06/22/2022","111.49","110.56","113.35","110.38","30.77M","-0.05%"
"06/21/2022","111.54","108.93","112.49","108.60","47.42M","4.11%"
"06/17/2022","107.14","106.03","108.70","105.05","51.38M","1.05%"
"06/16/2022","106.03","107.22","108.65","105.14","51.68M","-3.40%"
"06/15/2022","109.76","108.54","111.42","107.67","39.70M","2.86%"
"06/14/2022","106.72","106.54","107.92","105.80","33.71M","0.30%"
"06/13/2022","106.39","106.79","108.79","106.12","47.25M","-4.29%"
"06/10/2022","111.16","112.44","113.28","110.37","41.48M","-3.20%"
"06/09/2022","114.84","116.33","118.30","114.78","25.80M","-2.01%"
"06/08/2022","117.19","116.76","118.57","116.60","26.11M","0.04%"
"06/07/2022","117.15","115.48","117.69","115.05","31.59M","0.28%"
"06/06/2022","116.82","116.70","119.35","116.16","33.54M","1.99%"
"06/03/2022","114.54","116.06","116.32","113.52","26.14M","-2.62%"
"06/02/2022","117.62","114.00","117.90","112.95","37.99M","3.28%"
"06/01/2022","113.89","114.86","117.10","113.25","36.61M","0.11%"
"05/31/2022","113.76","112.75","115.74","112.08","50.01M","1.29%"
"05/27/2022","112.32","109.48","112.32","109.14","37.91M","4.20%"
"05/26/2022","107.79","105.68","108.65","105.22","37.95M","1.88%"
"05/25/2022","105.81","104.99","106.50","103.86","40.26M","-0.16%"
"05/24/2022","105.97","105.77","106.46","101.88","76.78M","-4.95%"
"05/23/2022","111.49","109.59","112.15","108.74","37.18M","2.37%"
"05/20/2022","108.91","111.95","112.18","105.80","48.96M","-1.34%"
"05/19/2022","110.38","111.43","113.01","110.00","34.14M","-1.35%"
"05/18/2022","111.90","115.00","115.40","111.56","35.13M","-3.93%"
"05/17/2022","116.47","116.84","116.90","114.87","23.05M","1.77%"
"05/16/2022","114.44","114.96","116.17","113.89","25.99M","-1.38%"
"05/13/2022","116.05","114.53","117.88","113.61","35.04M","2.84%"
"05/12/2022","112.84","111.38","114.29","109.82","53.84M","-0.67%"
"05/11/2022","113.60","113.24","116.36","113.24","37.53M","-0.69%"
"05/10/2022","114.39","115.51","116.25","112.90","39.90M","1.67%"
"05/09/2022","112.51","113.25","115.08","112.00","40.80M","-2.80%"
"05/06/2022","115.75","115.18","117.57","114.02","39.71M","-0.65%"
"05/05/2022","116.51","120.20","121.04","115.01","45.84M","-4.71%"
"05/04/2022","122.26","117.03","122.85","115.12","49.92M","4.20%"
"05/03/2022","117.33","116.43","118.44","116.03","24.97M","0.64%"
"05/02/2022","116.58","113.40","116.75","112.60","35.53M","2.17%"
"04/29/2022","114.11","116.73","117.92","113.81","42.68M","-3.72%"
"04/28/2022","118.52","116.42","119.65","114.11","48.88M","3.70%"
"04/27/2022","114.29","114.47","117.24","112.74","91.82M","-3.67%"
"04/26/2022","118.65","122.29","122.51","118.51","73.05M","-3.59%"
"04/25/2022","123.07","119.10","123.28","118.51","46.13M","2.87%"
"04/22/2022","119.64","125.00","125.40","118.93","56.88M","-4.15%"
"04/21/2022","124.81","129.25","130.10","124.53","36.45M","-2.52%"
"04/20/2022","128.04","130.89","131.40","127.50","31.70M","-1.51%"
"04/19/2022","130.01","127.69","130.33","127.00","26.49M","1.83%"
"04/18/2022","127.68","127.00","128.21","126.18","20.81M","0.75%"
"04/14/2022","126.73","130.48","130.48","126.60","31.60M","-2.44%"
"04/13/2022","129.89","128.00","130.33","127.74","27.93M","1.71%"
"04/12/2022","127.71","131.60","131.60","126.79","32.71M","-0.86%"
"04/11/2022","128.82","131.82","132.09","128.67","36.88M","-3.35%"
"04/08/2022","133.29","135.58","135.67","132.97","25.14M","-1.91%"
"04/07/2022","135.89","136.01","137.16","134.23","26.23M","-0.48%"
"04/06/2022","136.55","138.75","139.36","135.52","32.47M","-2.88%"
"04/05/2022","140.59","142.87","142.99","140.38","21.42M","-1.67%"
"04/04/2022","142.97","140.36","143.71","140.31","25.97M","2.01%"
"04/01/2022","140.15","139.50","140.47","138.31","25.94M","0.78%"
"03/31/2022","139.07","142.05","142.11","139.02","37.52M","-2.02%"
"03/30/2022","141.94","142.46","142.72","141.60","19.88M","-0.40%"
"03/29/2022","142.51","142.65","143.79","142.04","34.32M","0.74%"
"03/28/2022","141.46","140.90","142.00","139.81","35.05M","-0.15%"
"03/25/2022","141.67","141.92","142.04","139.74","24.14M","0.07%"
"03/24/2022","141.57","139.20","141.62","137.75","26.40M","2.38%"
"03/23/2022","138.28","138.70","139.59","137.84","25.15M","-1.14%"
"03/22/2022","139.87","136.10","141.05","136.10","35.50M","2.77%"
"03/21/2022","136.10","136.16","137.05","134.09","26.83M","-0.02%"
"03/18/2022","136.13","133.42","136.24","132.26","44.57M","1.71%"
"03/17/2022","133.84","133.15","134.08","132.18","28.26M","0.42%"
"03/16/2022","133.28","130.73","133.33","128.73","35.58M","3.16%"
"03/15/2022","129.20","126.98","129.85","125.72","30.92M","2.58%"
"03/14/2022","125.95","130.25","130.41","125.28","38.81M","-3.02%"
"03/11/2022","129.87","133.49","133.80","129.63","31.53M","-1.93%"
"03/10/2022","132.43","131.27","133.27","130.91","27.10M","-0.74%"
"03/09/2022","133.42","131.25","133.74","129.90","37.03M","4.97%"
"03/08/2022","127.10","126.25","131.25","125.67","40.43M","0.57%"
"03/07/2022","126.38","131.49","131.74","126.29","45.11M","-4.19%"
"03/04/2022","131.91","132.93","133.85","130.34","30.45M","-1.49%"
"03/03/2022","133.90","136.01","136.44","133.03","24.60M","-0.50%"
"03/02/2022","134.57","134.63","135.26","133.07","23.52M","0.38%"
"03/01/2022","134.06","134.88","136.26","133.22","26.50M","-0.74%"
"02/28/2022","135.06","133.05","135.75","132.59","38.86M","0.44%"
"02/25/2022","134.46","133.55","135.27","131.75","36.41M","1.33%"
"02/24/2022","132.69","124.95","133.00","124.95","54.46M","4.00%"
"02/23/2022","127.59","131.65","132.05","127.53","32.79M","-1.71%"
"02/22/2022","129.81","129.84","132.18","128.22","44.99M","-0.45%"
"02/18/2022","130.40","133.47","134.07","130.20","45.62M","-1.61%"
"02/17/2022","132.54","136.24","137.11","132.48","38.95M","-3.77%"
"02/16/2022","137.74","136.65","138.09","134.92","25.02M","0.83%"
"02/15/2022","136.61","137.57","138.11","135.82","26.71M","0.80%"
"02/14/2022","135.53","133.26","136.30","133.26","34.30M","0.93%"
"02/11/2022","134.28","138.60","139.16","133.40","39.96M","-3.13%"
"02/10/2022","138.62","139.70","141.48","137.96","39.33M","-2.10%"
"02/09/2022","141.59","140.96","142.52","140.19","40.14M","1.57%"
"02/08/2022","139.40","139.03","140.00","137.01","54.28M","0.14%"
"02/07/2022","139.20","144.25","144.25","138.90","54.97M","-2.86%"
"02/04/2022","143.29","143.44","144.88","140.51","58.00M","0.14%"
"02/03/2022","143.09","145.71","149.68","142.67","71.52M","-3.32%"
"02/02/2022","148.00","151.25","151.55","145.52","123.20M","7.52%"
"02/01/2022","137.64","137.59","137.79","134.37","68.64M","1.73%"
"01/31/2022","135.30","134.16","135.47","132.21","39.99M","1.46%"
"01/28/2022","133.35","129.66","133.36","128.49","34.36M","3.37%"
"01/27/2022","129.01","131.30","132.65","128.93","32.02M","-0.18%"
"01/26/2022","129.23","131.12","133.00","127.14","49.13M","1.81%"
"01/25/2022","126.93","128.74","129.40","126.50","46.96M","-2.96%"
"01/24/2022","130.80","125.98","131.20","124.50","76.69M","0.35%"
"01/21/2022","130.35","132.59","134.87","130.09","55.65M","-2.22%"
"01/20/2022","133.31","136.25","137.63","132.96","29.91M","-1.34%"
"01/19/2022","135.12","136.52","137.96","135.02","28.65M","-0.65%"
"01/18/2022","136.00","136.18","137.13","135.44","34.89M","-2.50%"
"01/14/2022","139.48","137.08","140.74","137.00","29.66M","0.64%"
"01/13/2022","138.59","141.54","142.85","138.41","31.44M","-2.01%"
"01/12/2022","141.43","141.15","142.61","140.69","26.11M","1.21%"
"01/11/2022","139.74","138.01","140.22","136.69","28.73M","0.77%"
"01/10/2022","138.67","135.08","138.82","133.16","44.41M","1.21%"
"01/07/2022","137.02","138.15","138.45","135.77","29.76M","-0.53%"
"01/06/2022","137.75","137.00","139.94","136.56","37.35M","-0.02%"
"01/05/2022","137.77","144.42","144.50","137.69","54.62M","-4.59%"
"01/04/2022","144.40","145.40","146.48","143.72","28.40M","-0.41%"
"01/03/2022","144.99","145.05","145.85","143.71","28.68M","0.10%"
"12/31/2021","144.85","146.05","146.70","144.85","18.14M","-0.92%"
"12/30/2021","146.20","146.69","147.30","145.99","15.69M","-0.31%"
"12/29/2021","146.65","146.64","147.42","145.65","17.79M","-0.02%"
"12/28/2021","146.69","148.24","148.30","146.05","18.25M","-0.82%"
"12/27/2021","147.91","147.26","148.34","147.17","15.98M","0.67%"
"12/23/2021","146.92","146.50","148.24","146.45","26.38M","0.34%"
"12/22/2021","146.41","143.07","146.50","143.07","26.32M","2.05%"
"12/21/2021","143.47","142.05","143.87","140.50","28.76M","1.32%"
"12/20/2021","141.61","140.00","141.77","139.32","27.19M","-0.08%"
"12/17/2021","141.73","142.50","143.83","141.30","51.02M","-1.88%"
"12/16/2021","144.45","147.17","147.68","143.61","33.65M","-1.36%"
"12/15/2021","146.44","143.41","146.72","141.68","36.37M","1.76%"
"12/14/2021","143.91","143.97","144.48","141.21","38.45M","-1.32%"
"12/13/2021","145.83","147.78","147.97","145.52","27.07M","-1.47%"
"12/10/2021","148.00","148.70","148.98","146.70","24.46M","0.25%"
"12/09/2021","147.64","147.59","149.10","147.12","23.27M","-0.37%"
"12/08/2021","148.19","147.60","148.39","146.41","24.27M","0.62%"
"12/07/2021","147.27","145.60","147.53","145.23","32.24M","2.87%"
"12/06/2021","143.15","143.04","143.85","140.15","30.62M","0.81%"
"12/03/2021","142.00","143.68","144.40","140.30","41.23M","-0.67%"
"12/02/2021","142.97","141.25","143.86","140.21","29.19M","1.36%"
"12/01/2021","141.05","144.00","145.95","140.91","34.06M","-0.60%"
"11/30/2021","141.90","145.01","146.00","141.60","42.07M","-2.50%"
"11/29/2021","145.53","144.00","146.30","143.89","32.60M","2.35%"
"11/26/2021","142.18","144.35","144.56","141.84","30.47M","-2.69%"
"11/24/2021","146.12","145.47","146.25","144.37","18.04M","0.23%"
"11/23/2021","145.78","146.15","146.66","144.12","27.23M","-0.36%"
"11/22/2021","146.30","149.33","149.83","146.15","30.63M","-1.76%"
"11/19/2021","148.93","149.98","150.97","148.90","33.70M","-0.61%"
"11/18/2021","149.84","148.24","150.58","147.88","35.63M","1.21%"
"11/17/2021","148.05","148.03","148.56","147.24","19.60M","0.12%"
"11/16/2021","147.88","148.15","148.76","147.31","18.90M","-0.39%"
"11/15/2021","148.45","148.90","149.55","147.57","23.51M","-0.15%"
"11/12/2021","148.68","146.62","148.85","145.41","22.36M","2.00%"
"11/11/2021","145.77","146.49","147.54","145.60","16.52M","-0.09%"
"11/10/2021","145.89","147.50","148.07","144.54","29.97M","-2.03%"
"11/09/2021","148.92","149.23","149.83","147.24","19.53M","-0.08%"
"11/08/2021","149.03","149.82","150.61","148.43","23.05M","0.12%"
"11/05/2021","148.85","149.17","150.33","148.20","38.35M","0.39%"
"11/04/2021","148.27","147.12","149.73","146.31","38.41M","1.14%"
"11/03/2021","146.60","145.90","146.67","144.59","27.49M","0.80%"
"11/02/2021","145.43","144.58","146.61","144.34","33.48M","1.35%"
"11/01/2021","143.50","148.05","148.05","143.23","46.92M","-3.07%"
"10/29/2021","148.05","145.08","148.24","144.65","43.32M","1.51%"
"10/28/2021","145.85","147.13","147.16","144.63","36.21M","-0.25%"
"10/27/2021","146.22","139.40","148.65","139.40","85.78M","4.96%"
"10/26/2021","139.31","139.26","140.08","138.30","49.24M","1.35%"
"10/25/2021","137.45","137.55","138.00","135.42","34.41M","-0.09%"
"10/22/2021","137.57","139.15","140.58","136.06","50.59M","-3.04%"
"10/21/2021","141.89","141.77","142.16","140.50","26.29M","0.08%"
"10/20/2021","141.77","143.34","143.55","141.38","23.29M","-1.02%"
"10/19/2021","143.24","143.39","143.66","142.60","20.16M","0.32%"
"10/18/2021","142.78","141.08","142.80","141.07","20.40M","1.00%"
"10/15/2021","141.37","141.61","141.72","140.76","30.27M","0.15%"
"10/14/2021","141.15","139.47","141.34","138.82","31.93M","2.59%"
"10/13/2021","137.58","137.40","138.00","136.52","19.66M","0.83%"
"10/12/2021","136.45","139.48","139.51","135.76","36.33M","-1.77%"
"10/11/2021","138.91","139.29","140.71","138.86","17.95M","-0.62%"
"10/08/2021","139.79","139.58","140.33","139.22","26.53M","0.40%"
"10/07/2021","139.23","138.89","140.04","138.65","25.11M","1.21%"
"10/06/2021","137.57","134.75","137.75","134.55","24.36M","1.13%"
"10/05/2021","136.02","134.04","137.22","134.04","32.40M","1.77%"
"10/04/2021","133.66","135.96","135.96","131.05","51.20M","-2.11%"
"10/01/2021","136.54","134.45","136.91","134.07","35.36M","2.14%"
"09/30/2021","133.68","134.26","135.54","133.56","38.03M","-0.50%"
"09/29/2021","134.35","136.98","137.15","133.87","30.85M","-1.09%"
"09/28/2021","135.83","138.65","139.10","135.36","45.77M","-3.72%"
"09/27/2021","141.07","140.80","141.94","140.07","21.88M","-0.80%"
"09/24/2021","142.21","140.54","142.33","140.24","22.98M","0.71%"
"09/23/2021","141.22","140.99","141.70","140.40","20.95M","0.66%"
"09/22/2021","140.28","139.30","140.89","138.55","25.06M","0.90%"
"09/21/2021","139.03","139.75","140.01","138.28","25.33M","0.23%"
"09/20/2021","138.72","138.16","139.00","136.32","46.52M","-1.48%"
"09/17/2021","140.80","143.03","143.45","140.47","53.38M","-1.96%"
"09/16/2021","143.61","143.95","144.30","142.40","26.20M","-0.57%"
"09/15/2021","144.43","142.77","144.45","141.35","27.41M","1.32%"
"09/14/2021","142.54","143.00","143.36","141.75","19.67M","0.15%"
"09/13/2021","142.33","141.95","142.95","141.25","22.09M","1.03%"
"09/10/2021","140.88","144.21","144.72","140.74","36.84M","-1.86%"
"09/09/2021","143.54","143.84","144.31","143.18","15.32M","-0.10%"
"09/08/2021","143.69","144.10","144.40","143.00","18.35M","-0.41%"
"09/07/2021","144.28","143.83","144.57","143.62","20.13M","0.38%"
"09/03/2021","143.74","143.08","144.15","142.40","19.85M","0.32%"
"09/02/2021","143.29","145.22","145.52","143.18","32.36M","-1.33%"
"09/01/2021","145.22","145.00","146.25","144.88","21.94M","0.36%"
"08/31/2021","144.70","145.15","145.17","144.28","22.45M","0.07%"
"08/30/2021","144.59","144.40","145.97","144.16","24.43M","0.41%"
"08/27/2021","144.00","141.65","144.51","141.50","28.78M","1.81%"
"08/26/2021","141.44","141.75","142.42","141.36","20.61M","-0.45%"
"08/25/2021","142.08","141.63","142.19","141.38","15.85M","0.58%"
"08/24/2021","141.26","140.61","142.08","140.34","19.27M","0.87%"
"08/23/2021","140.04","137.97","140.87","137.61","28.45M","1.90%"
"08/20/2021","137.43","136.00","137.55","135.25","31.19M","1.29%"
"08/19/2021","135.68","134.44","136.35","134.25","21.78M","0.17%"
"08/18/2021","135.45","136.50","137.10","135.32","19.26M","-0.89%"
"08/17/2021","136.66","137.75","138.27","136.08","21.72M","-1.19%"
"08/16/2021","138.31","137.52","138.36","135.30","22.40M","0.42%"
"08/13/2021","137.73","137.25","137.86","137.03","15.95M","0.39%"
"08/12/2021","137.19","135.98","137.30","135.43","16.52M","0.67%"
"08/11/2021","136.28","137.18","137.68","136.27","15.35M","-0.39%"
"08/10/2021","136.81","137.34","137.77","136.36","19.41M","-0.08%"
"08/09/2021","136.91","135.94","137.18","135.34","17.77M","0.87%"
"08/06/2021","135.74","136.04","136.47","135.21","20.49M","-0.38%"
"08/05/2021","136.25","135.68","136.35","134.85","17.87M","0.83%"
"08/04/2021","135.13","135.35","135.65","134.49","19.68M","-0.37%"
"08/03/2021","135.63","135.13","135.73","133.32","20.76M","0.58%"
"08/02/2021","134.85","135.12","135.34","133.79","21.63M","0.10%"
"07/30/2021","134.73","135.04","135.30","134.26","25.58M","-0.77%"
"07/29/2021","135.78","136.15","136.66","135.54","31.72M","-0.23%"
"07/28/2021","136.09","136.31","138.30","135.28","95.13M","3.18%"
"07/27/2021","131.90","134.25","134.40","130.10","54.71M","-1.59%"
"07/26/2021","134.04","133.33","134.24","132.30","30.57M","0.77%"
"07/23/2021","133.01","130.43","133.40","129.80","41.51M","3.58%"
"07/22/2021","128.42","127.84","128.48","127.50","14.30M","0.68%"
"07/21/2021","127.55","126.13","127.60","126.02","20.75M","1.06%"
"07/20/2021","126.21","125.53","127.04","124.35","26.32M","1.31%"
"07/19/2021","124.58","126.09","126.21","123.50","27.97M","-1.88%"
"07/16/2021","126.97","127.66","127.81","126.15","20.42M","-0.03%"
"07/15/2021","127.00","128.65","128.70","126.53","24.22M","-0.96%"
"07/14/2021","128.24","127.96","129.33","127.91","23.75M","0.70%"
"07/13/2021","127.34","127.04","128.06","126.67","19.25M","0.29%"
"07/12/2021","126.98","126.18","127.07","125.61","17.67M","1.16%"
"07/09/2021","125.52","125.03","125.73","124.55","18.63M","0.38%"
"07/08/2021","125.04","124.03","125.60","124.02","23.79M","-1.13%"
"07/07/2021","126.47","127.16","127.28","126.15","24.06M","0.23%"
"07/06/2021","126.19","125.65","126.43","124.58","26.40M","0.74%"
"07/02/2021","125.26","123.15","125.40","123.06","26.00M","2.30%"
"07/01/2021","122.44","121.72","122.59","121.53","18.11M","0.29%"
"06/30/2021","122.09","121.99","122.26","121.35","24.47M","-0.15%"
"06/29/2021","122.27","122.67","123.02","121.69","23.11M","-0.22%"
"06/28/2021","122.54","122.68","122.78","121.41","28.53M","0.02%"
"06/25/2021","122.51","122.00","122.63","121.57","34.60M","0.01%"
"06/24/2021","122.50","122.70","123.06","122.30","21.37M","0.31%"
"06/23/2021","122.13","122.09","123.10","121.83","19.15M","-0.17%"
"06/22/2021","122.33","121.75","122.40","121.06","22.39M","0.43%"
"06/21/2021","121.81","120.50","122.00","119.90","27.41M","1.42%"
"06/18/2021","120.11","121.37","121.60","120.01","46.12M","-1.34%"
"06/17/2021","121.74","120.70","122.52","120.50","25.85M","0.80%"
"06/16/2021","120.77","121.57","121.89","119.47","26.47M","-0.53%"
"06/15/2021","121.42","122.45","122.78","121.06","21.56M","-0.84%"
"06/14/2021","122.45","121.61","122.45","120.90","22.10M","0.77%"
"06/11/2021","121.51","122.00","122.09","120.95","21.96M","-0.20%"
"06/10/2021","121.76","120.35","121.80","120.19","25.91M","1.13%"
"06/09/2021","120.40","120.57","120.64","119.85","17.94M","0.40%"
"06/08/2021","119.92","120.60","120.98","119.74","24.24M","-0.16%"
"06/07/2021","120.11","119.47","120.23","119.05","24.12M","0.36%"
"06/04/2021","119.68","118.46","119.95","118.12","24.46M","1.96%"
"06/03/2021","117.38","117.29","117.85","116.48","18.70M","-0.97%"
"06/02/2021","118.53","119.46","119.68","117.62","21.16M","-0.44%"
"06/01/2021","119.06","118.72","119.29","117.71","23.36M","1.03%"